"","ntpos","resPos","wtNT","mutNT","ORF","count","coverage","freq","synNonsyn","mutClass","wtCodon","muCodon","wtRes","muRes","acidic_wt","acyclic_wt","aliphatic_wt","aromatic_wt","basic_wt","buried_wt","charged_wt","cyclic_wt","hydrophobic_wt","large_wt","medium_wt","negative_wt","neutral_wt","polar_wt","positive_wt","small_wt","surface_wt","stop_wt","acidic_mu","acyclic_mu","aliphatic_mu","aromatic_mu","basic_mu","buried_mu","charged_mu","cyclic_mu","hydrophobic_mu","large_mu","medium_mu","negative_mu","neutral_mu","polar_mu","positive_mu","small_mu","surface_mu","stop_mu","passage","name","ntID","resID","header","HsN"
"28938",7236,0,"t","c",0,4640,4651,0.997634917222,"U","U","U","U","U","U",0,0,0,0,0,0,0,0,0,0,0,0,0,0,0,0,0,0,0,0,0,0,0,0,0,0,0,0,0,0,0,0,0,0,0,0,1,"1","t7236c","U0U.3701","Sample",0.0130443040831747
"33005",8253,0,"g","a",0,4140,4173,0.992092020129,"U","U","U","U","U","U",0,0,0,0,0,0,0,0,0,0,0,0,0,0,0,0,0,0,0,0,0,0,0,0,0,0,0,0,0,0,0,0,0,0,0,0,1,"1","g8253a","U0U.7768","Sample",0.0332904230463016
"4090",1024,101,"t","c",0,3450,3479,0.991664271342,"NS","NS","atc","acc","I","T",0,1,1,0,0,1,0,0,1,1,0,0,1,0,0,0,0,0,0,1,0,0,0,0,0,0,0,0,1,0,1,1,0,0,1,0,1,"1","t1024c","I101T","Sample",0.0356749939650046
"31374",7845,0,"t","c",0,276,3319,0.0831575775836,"U","U","U","U","U","U",0,0,0,0,0,0,0,0,0,0,0,0,0,0,0,0,0,0,0,0,0,0,0,0,0,0,0,0,0,0,0,0,0,0,0,0,1,"1","t7845c","U0U.6137","Sample",0.2085647623075
"1108",278,0,"a","t",0,33,647,0.0510046367852,"U","U","U","U","U","U",0,0,0,0,0,0,0,0,0,0,0,0,0,0,0,0,0,0,0,0,0,0,0,0,0,0,0,0,0,0,0,0,0,0,0,0,1,"1","a278t","U0U.1107","Sample",0.145324675110536
"16283",4072,1117,"a","g",0,115,2797,0.0411154808724,"NS","NS","caa","cga","Q","R",0,1,0,0,0,0,0,0,0,1,0,0,1,1,0,0,1,0,0,1,0,0,1,0,1,0,0,1,0,0,0,1,1,0,1,0,1,"1","a4072g","Q1117R","Sample",0.123691729086791
"3430",859,46,"t","c",0,133,3543,0.037538808919,"NS","NS","ttg","tcg","L","S",0,1,1,0,0,1,0,0,1,1,0,0,1,0,0,0,0,0,0,1,0,0,0,0,0,0,0,0,0,0,1,1,0,1,1,0,1,"1","t859c","L46S","Sample",0.115445811065367
"31888",7973,0,"c","t",0,30,1236,0.0242718446602,"U","U","U","U","U","U",0,0,0,0,0,0,0,0,0,0,0,0,0,0,0,0,0,0,0,0,0,0,0,0,0,0,0,0,0,0,0,0,0,0,0,0,1,"1","c7973t","U0U.6651","Sample",0.082398248054227
"2066",518,0,"t","c",0,26,1302,0.0199692780338,"U","U","U","U","U","U",0,0,0,0,0,0,0,0,0,0,0,0,0,0,0,0,0,0,0,0,0,0,0,0,0,0,0,0,0,0,0,0,0,0,0,0,1,"1","t518c","U0U.2065","Sample",0.0706340064308816
"25437",6361,1880,"g","a",0,44,3132,0.0140485312899,"NS","NS","agt","aat","S","N",0,1,0,0,0,0,0,0,0,0,0,0,1,1,0,1,1,0,0,1,0,0,0,0,0,0,0,0,1,0,1,1,0,0,1,0,1,"1","g6361a","S1880N","Sample",0.0532857297592059
"24579",6146,1809,"a","g",0,41,3826,0.0107161526398,"S","S","tta","ttg","L","L",0,1,1,0,0,1,0,0,1,1,0,0,1,0,0,0,0,0,0,1,1,0,0,1,0,0,1,1,0,0,1,0,0,0,0,0,1,"1","a6146g","L1809L.1","Sample",0.0427521250520418
"22572",5644,1641,"c","t",0,19,1838,0.0103373231774,"NS","NC","acg","atg","T","M",0,1,0,0,0,0,0,0,0,0,1,0,1,1,0,0,1,0,0,1,0,0,0,1,0,0,1,1,0,0,1,0,0,0,0,0,1,"1","c5644t","T1641M","Sample",0.0415105856952567
"31613",7905,0,"g","a",0,17,1876,0.0090618336887,"U","U","U","U","U","U",0,0,0,0,0,0,0,0,0,0,0,0,0,0,0,0,0,0,0,0,0,0,0,0,0,0,0,0,0,0,0,0,0,0,0,0,1,"1","g7905a","U0U.6376","Sample",0.0405326902128522
"24910",6229,1836,"t","c",0,27,3061,0.00882064684744,"NS","NS","tta","tca","L","S",0,1,1,0,0,1,0,0,1,1,0,0,1,0,0,0,0,0,0,1,0,0,0,0,0,0,0,0,0,0,1,1,0,1,1,0,1,"1","t6229c","L1836S","Sample",0.0364346226387141
"8040",2011,430,"c","t",0,10,1380,0.00724637681159,"NS","C","ccc","ctc","P","L",0,0,0,0,0,0,0,1,1,0,1,0,1,0,0,0,1,0,0,1,1,0,0,1,0,0,1,1,0,0,1,0,0,0,0,0,1,"1","c2011t","P430L","Sample",0.0309636944557796
"8337",2086,455,"g","a",0,9,1300,0.00692307692308,"NS","NS","cgt","cat","R","H",0,1,0,0,1,0,1,0,0,1,0,0,0,1,1,0,1,0,0,0,0,1,1,0,1,1,0,1,0,0,1,1,1,0,1,0,1,"1","g2086a","R455H","Sample",0.0298109784407684
"34061",8517,0,"g","a",0,22,3561,0.00617803987644,"U","U","U","U","U","U",0,0,0,0,0,0,0,0,0,0,0,0,0,0,0,0,0,0,0,0,0,0,0,0,0,0,0,0,0,0,0,0,0,0,0,0,1,"1","g8517a","U0U.8824","Sample",0.0289697605369285
"23056",5765,1682,"a","t",0,14,2485,0.0056338028169,"S","S","ata","att","I","I",0,1,1,0,0,1,0,0,1,1,0,0,1,0,0,0,0,0,0,1,1,0,0,1,0,0,1,1,0,0,1,0,0,0,0,0,1,"1","a5765t","I1682I.2","Sample",0.0250994328795058
"33944",8487,0,"c","t",0,20,3906,0.00512032770097,"U","U","U","U","U","U",0,0,0,0,0,0,0,0,0,0,0,0,0,0,0,0,0,0,0,0,0,0,0,0,0,0,0,0,0,0,0,0,0,0,0,0,1,"1","c8487t","U0U.8707","Sample",0.0231657535175898
"17676",4420,1233,"c","t",0,4,859,0.0046565774156,"NS","C","cct","ctt","P","L",0,0,0,0,0,0,0,1,1,0,1,0,1,0,0,0,1,0,0,1,1,0,0,1,0,0,1,1,0,0,1,0,0,0,0,0,1,"1","c4420t","P1233L","Sample",0.0213872994771844
"23900",5976,1752,"c","t",0,6,1316,0.00455927051672,"NS","NC","cgt","tgt","R","C",0,1,0,0,1,0,1,0,0,1,0,0,0,1,1,0,1,0,0,1,0,0,0,1,0,0,0,0,1,0,1,1,0,0,0,0,1,"1","c5976t","R1752C","Sample",0.025492321529229
"31497",7876,0,"g","a",0,13,2877,0.00451859575947,"U","U","U","U","U","U",0,0,0,0,0,0,0,0,0,0,0,0,0,0,0,0,0,0,0,0,0,0,0,0,0,0,0,0,0,0,0,0,0,0,0,0,1,"1","g7876a","U0U.6260","Sample",0.0208518292650789
"15935",3985,1088,"a","g",0,5,1176,0.00425170068027,"NS","NS","cac","cgc","H","R",0,0,0,1,1,0,1,1,0,1,0,0,1,1,1,0,1,0,0,1,0,0,1,0,1,0,0,1,0,0,0,1,1,0,1,0,1,"1","a3985g","H1088R","Sample",0.0198073298920939
"7183",1797,359,"a","g",0,8,2043,0.00391581008321,"NS","NS","ata","gta","I","V",0,1,1,0,0,1,0,0,1,1,0,0,1,0,0,0,0,0,0,1,1,0,0,1,0,0,1,0,1,0,1,0,0,0,0,0,1,"1","a1797g","I359V","Sample",0.0184754580040109
"19933",4985,1422,"g","a",0,14,3589,0.00390080802452,"S","S","aag","aaa","K","K",0,1,0,0,1,0,1,0,0,1,0,0,0,1,1,0,1,0,0,1,0,0,1,0,1,0,0,1,0,0,0,1,1,0,1,0,1,"1","g4985a","K1422K","Sample",0.022106224769842
"27800",6951,2077,"c","t",0,27,6964,0.0038770821367,"NS","NC","cgt","tgt","R","C",0,1,0,0,1,0,1,0,0,1,0,0,0,1,1,0,1,0,0,1,0,0,0,1,0,0,0,0,1,0,1,1,0,0,0,0,1,"1","c6951t","R2077C","Sample",0.0183205849653637
"15760",3941,1074,"a","t",0,6,1548,0.00387596899225,"NS","NS","tta","ttt","L","F",0,1,1,0,0,1,0,0,1,1,0,0,1,0,0,0,0,0,0,0,0,1,0,1,0,1,1,1,0,0,1,0,0,0,0,0,1,"1","a3941t","L1074F.1","Sample",0.0183161293728157
"26262",6567,1949,"t","c",0,7,1870,0.00374331550802,"NS","NS","tat","cat","Y","H",0,0,0,1,0,0,0,1,1,1,0,0,1,0,0,0,1,0,0,0,0,1,1,0,1,1,0,1,0,0,1,1,1,0,1,0,1,"1","t6567c","Y1949H","Sample",0.0177834795365172
"3728",933,71,"c","t",0,4,1107,0.00361336946703,"NS","X","cag","tag","Q","*",0,1,0,0,0,0,0,0,0,1,0,0,1,1,0,0,1,0,0,0,0,0,0,0,0,0,0,0,0,0,0,0,0,0,0,1,1,"1","c933t","Q71*","Sample",0.0172584009168398
"36360",9091,0,"c","t",0,5,1449,0.00345065562457,"U","U","U","U","U","U",0,0,0,0,0,0,0,0,0,0,0,0,0,0,0,0,0,0,0,0,0,0,0,0,0,0,0,0,0,0,0,0,0,0,0,0,1,"1","c9091t","U0U.11123","Sample",0.0165961298062384
"18021",4507,1262,"g","a",0,7,2100,0.00333333333333,"NS","NS","agt","aat","S","N",0,1,0,0,0,0,0,0,0,0,0,0,1,1,0,1,1,0,0,1,0,0,0,0,0,0,0,0,1,0,1,1,0,0,1,0,1,"1","g4507a","S1262N","Sample",0.0161151776058847
"24386",6098,1793,"t","c",0,11,3400,0.00323529411765,"S","S","ctt","ctc","L","L",0,1,1,0,0,1,0,0,1,1,0,0,1,0,0,0,0,0,0,1,1,0,0,1,0,0,1,1,0,0,1,0,0,0,0,0,1,"1","t6098c","L1793L.1","Sample",0.0157109864369046
"27296",6825,2035,"c","t",0,7,2218,0.00315599639315,"NS","X","caa","taa","Q","*",0,1,0,0,0,0,0,0,0,1,0,0,1,1,0,0,1,0,0,0,0,0,0,0,0,0,0,0,0,0,0,0,0,0,0,1,1,"1","c6825t","Q2035*","Sample",0.0153824917945433
"22276",5570,1617,"c","t",0,4,1274,0.00313971742543,"S","S","aac","aat","N","N",0,1,0,0,0,0,0,0,0,0,1,0,1,1,0,0,1,0,0,1,0,0,0,0,0,0,0,0,1,0,1,1,0,0,1,0,1,"1","c5570t","N1617N.1","Sample",0.0153148781816821
"33138",8286,0,"t","c",0,13,4191,0.00310188499165,"U","U","U","U","U","U",0,0,0,0,0,0,0,0,0,0,0,0,0,0,0,0,0,0,0,0,0,0,0,0,0,0,0,0,0,0,0,0,0,0,0,0,1,"1","t8286c","U0U.7901","Sample",0.0151575072263437
"20532",5134,1471,"a","t",0,6,1997,0.00300450676014,"NS","NS","tac","ttc","Y","F",0,0,0,1,0,0,0,1,1,1,0,0,1,0,0,0,1,0,0,0,0,1,0,1,0,1,1,1,0,0,1,0,0,0,0,0,1,"1","a5134t","Y1471F","Sample",0.0251670454622413
"12248",3063,781,"c","t",0,13,4327,0.00300439103305,"NS","X","caa","taa","Q","*",0,1,0,0,0,0,0,0,0,1,0,0,1,1,0,0,1,0,0,0,0,0,0,0,0,0,0,0,0,0,0,0,0,0,0,1,1,"1","c3063t","Q781*","Sample",0.0147504143145933
"22971",5744,1675,"a","g",0,9,3046,0.00295469468155,"S","S","tca","tcg","S","S",0,1,0,0,0,0,0,0,0,0,0,0,1,1,0,1,1,0,0,1,0,0,0,0,0,0,0,0,0,0,1,1,0,1,1,0,1,"1","a5744g","S1675S.2","Sample",0.0145420274487419
"20888",5223,1501,"c","t",0,5,1822,0.00274423710209,"NS","X","caa","taa","Q","*",0,1,0,0,0,0,0,0,0,1,0,0,1,1,0,0,1,0,0,0,0,0,0,0,0,0,0,0,0,0,0,0,0,0,0,1,1,"1","c5223t","Q1501*","Sample",0.0136527069537627
"13642",3412,897,"t","c",0,9,3319,0.0027116601386,"NS","NS","ata","aca","I","T",0,1,1,0,0,1,0,0,1,1,0,0,1,0,0,0,0,0,0,1,0,0,0,0,0,0,0,0,1,0,1,1,0,0,1,0,1,"1","t3412c","I897T","Sample",0.0135140262434222
"28624",7157,0,"c","t",0,17,6493,0.00261820421993,"U","U","U","U","U","U",0,0,0,0,0,0,0,0,0,0,0,0,0,0,0,0,0,0,0,0,0,0,0,0,0,0,0,0,0,0,0,0,0,0,0,0,1,"1","c7157t","U0U.3387","Sample",0.0131145998719996
"1641",412,0,"c","a",0,6,2297,0.00261210274271,"U","U","U","U","U","U",0,0,0,0,0,0,0,0,0,0,0,0,0,0,0,0,0,0,0,0,0,0,0,0,0,0,0,0,0,0,0,0,0,0,0,0,1,"1","c412a","U0U.1640","Sample",0.013088439449228
"22769",5694,1658,"c","a",0,7,2709,0.00258397932817,"NS","NS","ctg","atg","L","M",0,1,1,0,0,1,0,0,1,1,0,0,1,0,0,0,0,0,0,1,0,0,0,1,0,0,1,1,0,0,1,0,0,0,0,0,1,"1","c5694a","L1658M","Sample",0.02267540622056
"27929",6984,2088,"g","a",0,10,4090,0.00244498777506,"NS","NS","ggg","agg","G","R",0,1,1,0,0,0,0,0,1,0,0,0,1,0,0,1,1,0,0,1,0,0,1,0,1,0,0,1,0,0,0,1,1,0,1,0,1,"1","g6984a","G2088R","Sample",0.0140104818032383
"5651",1414,231,"a","g",0,5,2065,0.00242130750605,"S","S","taa","tga","*","*",0,0,0,0,0,0,0,0,0,0,0,0,0,0,0,0,0,1,0,0,0,0,0,0,0,0,0,0,0,0,0,0,0,0,0,1,1,"1","a1414g","*231*.2","Sample",0.0223858627860793
"13036",3260,847,"g","t",0,5,2118,0.00236071765817,"S","S","gtg","gtt","V","V",0,1,1,0,0,1,0,0,1,0,1,0,1,0,0,0,0,0,0,1,1,0,0,1,0,0,1,0,1,0,1,0,0,0,0,0,1,"1","g3260t","V847V.3","Sample",0.0120013569175643
"17056",4265,1182,"g","t",0,4,1734,0.00230680507497,"NS","NS","ttg","ttt","L","F",0,1,1,0,0,1,0,0,1,1,0,0,1,0,0,0,0,0,0,0,0,1,0,1,0,1,1,1,0,0,1,0,0,0,0,0,1,"1","g4265t","L1182F.1","Sample",0.0182239059885203
"31444",7862,0,"c","t",0,7,3092,0.0022639068564,"U","U","U","U","U","U",0,0,0,0,0,0,0,0,0,0,0,0,0,0,0,0,0,0,0,0,0,0,0,0,0,0,0,0,0,0,0,0,0,0,0,0,1,"1","c7862t","U0U.6207","Sample",0.0115776541037772
"16528",4133,1138,"g","t",0,6,2681,0.00223797090638,"NS","NS","cag","cat","Q","H",0,1,0,0,0,0,0,0,0,1,0,0,1,1,0,0,1,0,0,0,0,1,1,0,1,1,0,1,0,0,1,1,1,0,1,0,1,"1","g4133t","Q1138H.1","Sample",0.0138559834806591
"26020",6506,1929,"c","t",0,7,3133,0.00223428024258,"S","S","cgc","cgt","R","R",0,1,0,0,1,0,1,0,0,1,0,0,0,1,1,0,1,0,0,1,0,0,1,0,1,0,0,1,0,0,0,1,1,0,1,0,1,"1","c6506t","R1929R.3","Sample",0.0114473976944075
"34228",8558,0,"c","t",0,4,1897,0.0021085925145,"U","U","U","U","U","U",0,0,0,0,0,0,0,0,0,0,0,0,0,0,0,0,0,0,0,0,0,0,0,0,0,0,0,0,0,0,0,0,0,0,0,0,1,"1","c8558t","U0U.8991","Sample",0.0108915939969572
"30758",7691,0,"t","c",0,9,4271,0.00210723483962,"U","U","U","U","U","U",0,0,0,0,0,0,0,0,0,0,0,0,0,0,0,0,0,0,0,0,0,0,0,0,0,0,0,0,0,0,0,0,0,0,0,0,1,"1","t7691c","U0U.5521","Sample",0.0108855612200568
"33504",8377,0,"a","t",0,10,4807,0.00208029956314,"U","U","U","U","U","U",0,0,0,0,0,0,0,0,0,0,0,0,0,0,0,0,0,0,0,0,0,0,0,0,0,0,0,0,0,0,0,0,0,0,0,0,1,"1","a8377t","U0U.8267","Sample",0.0203190507089094
"25304",6327,1869,"g","t",0,6,2900,0.00206896551724,"NS","C","gca","tca","A","S",0,1,1,0,0,1,0,0,1,0,0,0,1,0,0,1,0,0,0,1,0,0,0,0,0,0,0,0,0,0,1,1,0,1,1,0,1,"1","g6327t","A1869S","Sample",0.0129465090468969
"20531",5134,1471,"a","g",0,4,1997,0.00200300450676,"NS","NS","tac","tgc","Y","C",0,0,0,1,0,0,0,1,1,1,0,0,1,0,0,0,1,0,0,1,0,0,0,1,0,0,0,0,1,0,1,1,0,0,0,0,1,"1","a5134g","Y1471C","Sample",0.0251670454622413
"15160",3791,1024,"g","t",0,4,2014,0.00198609731877,"NS","C","agg","agt","R","S",0,1,0,0,1,0,1,0,0,1,0,0,0,1,1,0,1,0,0,1,0,0,0,0,0,0,0,0,0,0,1,1,0,1,1,0,1,"1","g3791t","R1024S.1","Sample",0.0103446965174825
"5652",1414,231,"a","t",0,4,2065,0.00193704600484,"NS","X","taa","tta","*","L",0,0,0,0,0,0,0,0,0,0,0,0,0,0,0,0,0,1,0,1,1,0,0,1,0,0,1,1,0,0,1,0,0,0,0,0,1,"1","a1414t","*231L","Sample",0.0223858627860793
"17312",4329,1203,"c","t",0,6,3151,0.00190415741035,"NS","X","cag","tag","Q","*",0,1,0,0,0,0,0,0,0,1,0,0,1,1,0,0,1,0,0,0,0,0,0,0,0,0,0,0,0,0,0,0,0,0,0,1,1,"1","c4329t","Q1203*","Sample",0.00997583511326897
"10762",2692,657,"t","c",0,6,3177,0.00188857412653,"NS","NS","gtg","gcg","V","A",0,1,1,0,0,1,0,0,1,0,1,0,1,0,0,0,0,0,0,1,1,0,0,1,0,0,1,0,0,0,1,0,0,1,0,0,1,"1","t2692c","V657A","Sample",0.0119628741148221
"16220",4056,1112,"g","t",0,4,2124,0.00188323917137,"NS","NS","gat","tat","D","Y",1,1,0,0,0,0,1,0,0,0,1,1,0,1,0,0,1,0,0,0,0,1,0,0,0,1,1,1,0,0,1,0,0,0,1,0,1,"1","g4056t","D1112Y","Sample",0.00988126531846326
"9396",2350,543,"c","t",0,6,3205,0.001872074883,"NS","NS","acc","atc","T","I",0,1,0,0,0,0,0,0,0,0,1,0,1,1,0,0,1,0,0,1,1,0,0,1,0,0,1,1,0,0,1,0,0,0,0,0,1,"1","c2350t","T543I","Sample",0.00983072379558409
"1728",433,0,"g","t",0,5,2678,0.00186706497386,"U","U","U","U","U","U",0,0,0,0,0,0,0,0,0,0,0,0,0,0,0,0,0,0,0,0,0,0,0,0,0,0,0,0,0,0,0,0,0,0,0,0,1,"1","g433t","U0U.1727","Sample",0.00980802795898414
"32549",8139,0,"g","a",0,8,4312,0.00185528756957,"U","U","U","U","U","U",0,0,0,0,0,0,0,0,0,0,0,0,0,0,0,0,0,0,0,0,0,0,0,0,0,0,0,0,0,0,0,0,0,0,0,0,1,"1","g8139a","U0U.7312","Sample",0.00975463577749229
"22772",5694,1658,"c","t",0,5,2709,0.00184569952012,"S","S","ctg","ttg","L","L",0,1,1,0,0,1,0,0,1,1,0,0,1,0,0,0,0,0,0,1,1,0,0,1,0,0,1,1,0,0,1,0,0,0,0,0,1,"1","c5694t","L1658L.1","Sample",0.02267540622056
"33870",8469,0,"t","c",0,7,3808,0.00183823529412,"U","U","U","U","U","U",0,0,0,0,0,0,0,0,0,0,0,0,0,0,0,0,0,0,0,0,0,0,0,0,0,0,0,0,0,0,0,0,0,0,0,0,1,"1","t8469c","U0U.8633","Sample",0.00967723443236794
"23424",5857,1712,"c","t",0,11,6006,0.0018315018315,"NS","NS","act","att","T","I",0,1,0,0,0,0,0,0,0,0,1,0,1,1,0,0,1,0,0,1,1,0,0,1,0,0,1,1,0,0,1,0,0,0,0,0,1,"1","c5857t","T1712I","Sample",0.0118098092975893
"7204",1802,361,"g","t",0,4,2242,0.00178412132025,"NS","NS","ttg","ttt","L","F",0,1,1,0,0,1,0,0,1,1,0,0,1,0,0,0,0,0,0,0,0,1,0,1,0,1,1,1,0,0,1,0,0,0,0,0,1,"1","g1802t","L361F.1","Sample",0.00943084555410281
"4630",1159,146,"t","c",0,5,2820,0.00177304964539,"NS","NS","ttg","tcg","L","S",0,1,1,0,0,1,0,0,1,1,0,0,1,0,0,0,0,0,0,1,0,0,0,0,0,0,0,0,0,0,1,1,0,1,1,0,1,"1","t1159c","L146S","Sample",0.00938028958488501
"17218",4306,1195,"t","c",0,4,2279,0.00175515577007,"NS","NS","gta","gca","V","A",0,1,1,0,0,1,0,0,1,0,1,0,1,0,0,0,0,0,0,1,1,0,0,1,0,0,1,0,0,0,1,0,0,1,0,0,1,"1","t4306c","V1195A","Sample",0.00929847602590596
"6352",1589,290,"g","t",0,6,3428,0.00175029171529,"NS","C","agg","agt","R","S",0,1,0,0,1,0,1,0,0,1,0,0,0,1,1,0,1,0,0,1,0,0,0,0,0,0,0,0,0,0,1,1,0,1,1,0,1,"1","g1589t","R290S.1","Sample",0.00927621408555277
"17210",4304,1195,"g","c",0,4,2290,0.00174672489083,"NS","NS","ttg","ttc","L","F",0,1,1,0,0,1,0,0,1,1,0,0,1,0,0,0,0,0,0,0,0,1,0,1,0,1,1,1,0,0,1,0,0,0,0,0,1,"1","g4304c","L1195F","Sample",0.0147623606256176
"11318",2831,704,"g","c",0,4,2304,0.00173611111111,"NS","C","agg","agc","R","S",0,1,0,0,1,0,1,0,0,1,0,0,0,1,1,0,1,0,0,1,0,0,0,0,0,0,0,0,0,0,1,1,0,1,1,0,1,"1","g2831c","R704S","Sample",0.0142500953564061
"14088",3523,934,"g","t",0,4,2327,0.00171895143962,"NS","NS","agg","atg","R","M",0,1,0,0,1,0,1,0,0,1,0,0,0,1,1,0,1,0,0,1,0,0,0,1,0,0,1,1,0,0,1,0,0,0,0,0,1,"1","g3523t","R934M","Sample",0.0162480793879318
"32353",8090,0,"g","a",0,11,6401,0.00171848148727,"U","U","U","U","U","U",0,0,0,0,0,0,0,0,0,0,0,0,0,0,0,0,0,0,0,0,0,0,0,0,0,0,0,0,0,0,0,0,0,0,0,0,1,"1","g8090a","U0U.7116","Sample",0.01023053693727
"16764",4192,1157,"c","t",0,4,2363,0.00169276343631,"NS","C","ccg","ctg","P","L",0,0,0,0,0,0,0,1,1,0,1,0,1,0,0,0,1,0,0,1,1,0,0,1,0,0,1,1,0,0,1,0,0,0,0,0,1,"1","c4192t","P1157L","Sample",0.00901216859464828
"33380",8346,0,"c","t",0,9,5340,0.00168539325843,"U","U","U","U","U","U",0,0,0,0,0,0,0,0,0,0,0,0,0,0,0,0,0,0,0,0,0,0,0,0,0,0,0,0,0,0,0,0,0,0,0,0,1,"1","c8346t","U0U.8143","Sample",0.00897823957431698
"21712",5429,1570,"c","t",0,4,2378,0.00168208578638,"S","S","ttc","ttt","F","F",0,0,0,1,0,1,0,1,1,1,0,0,1,0,0,0,0,0,0,0,0,1,0,1,0,1,1,1,0,0,1,0,0,0,0,0,1,"1","c5429t","F1570F.1","Sample",0.0116239594890519
"14408",3603,961,"c","t",0,7,4213,0.00166152385474,"NS","NC","ccg","tcg","P","S",0,0,0,0,0,0,0,1,1,0,1,0,1,0,0,0,1,0,0,1,0,0,0,0,0,0,0,0,0,0,1,1,0,1,1,0,1,"1","c3603t","P961S","Sample",0.00886819509049497
"32730",8184,0,"t","c",0,10,6029,0.00165864985901,"U","U","U","U","U","U",0,0,0,0,0,0,0,0,0,0,0,0,0,0,0,0,0,0,0,0,0,0,0,0,0,0,0,0,0,0,0,0,0,0,0,0,1,"1","t8184c","U0U.7493","Sample",0.0149905814684748
"30225",7558,0,"c","a",0,6,3702,0.00162074554295,"U","U","U","U","U","U",0,0,0,0,0,0,0,0,0,0,0,0,0,0,0,0,0,0,0,0,0,0,0,0,0,0,0,0,0,0,0,0,0,0,0,0,1,"1","c7558a","U0U.4988","Sample",0.0104751702725157
"24892",6224,1835,"c","t",0,5,3115,0.0016051364366,"S","S","tgc","tgt","C","C",0,1,0,0,0,1,0,0,0,0,1,0,1,1,0,0,0,0,0,1,0,0,0,1,0,0,0,0,1,0,1,1,0,0,0,0,1,"1","c6224t","C1835C.1","Sample",0.00860724310812068
"5567",1393,224,"a","g",0,5,3160,0.00158227848101,"NS","NS","caa","cga","Q","R",0,1,0,0,0,0,0,0,0,1,0,0,1,1,0,0,1,0,0,1,0,0,1,0,1,0,0,1,0,0,0,1,1,0,1,0,1,"1","a1393g","Q224R","Sample",0.00850105523254797
"25708",6428,1903,"c","t",0,6,3822,0.00156985871272,"S","S","cac","cat","H","H",0,0,0,1,1,0,1,1,0,1,0,0,1,1,1,0,1,0,0,0,0,1,1,0,1,1,0,1,0,0,1,1,1,0,1,0,1,"1","c6428t","H1903H.1","Sample",0.00844325870990058
"19544",4887,1389,"c","t",0,5,3186,0.00156936597615,"NS","NS","ctc","ttc","L","F",0,1,1,0,0,1,0,0,1,1,0,0,1,0,0,0,0,0,0,0,0,1,0,1,0,1,1,1,0,0,1,0,0,0,0,0,1,"1","c4887t","L1389F","Sample",0.0104933391618233
"35505",8878,0,"g","a",0,6,3888,0.00154320987654,"U","U","U","U","U","U",0,0,0,0,0,0,0,0,0,0,0,0,0,0,0,0,0,0,0,0,0,0,0,0,0,0,0,0,0,0,0,0,0,0,0,0,1,"1","g8878a","U0U.10268","Sample",0.00831900561734911
"12212",3054,778,"c","t",0,8,5202,0.00153787004998,"NS","NS","ctt","ttt","L","F",0,1,1,0,0,1,0,0,1,1,0,0,1,0,0,0,0,0,0,0,0,1,0,1,0,1,1,1,0,0,1,0,0,0,0,0,1,"1","c3054t","L778F","Sample",0.00829406829448211
"29156",7290,0,"c","t",0,4,2607,0.00153433064825,"U","U","U","U","U","U",0,0,0,0,0,0,0,0,0,0,0,0,0,0,0,0,0,0,0,0,0,0,0,0,0,0,0,0,0,0,0,0,0,0,0,0,1,"1","c7290t","U0U.3919","Sample",0.00827753168877855
"19780",4946,1409,"g","t",0,5,3266,0.00153092467851,"NS","C","atg","att","M","I",0,1,0,0,0,1,0,0,1,1,0,0,1,0,0,0,0,0,0,1,1,0,0,1,0,0,1,1,0,0,1,0,0,0,0,0,1,"1","g4946t","M1409I.2","Sample",0.00826161292778831
"33431",8359,0,"a","g",0,9,5879,0.00153087259738,"U","U","U","U","U","U",0,0,0,0,0,0,0,0,0,0,0,0,0,0,0,0,0,0,0,0,0,0,0,0,0,0,0,0,0,0,0,0,0,0,0,0,1,"1","a8359g","U0U.8194","Sample",0.00826136946948471
"13868",3468,916,"c","t",0,5,3289,0.00152021891152,"S","S","cta","tta","L","L",0,1,1,0,0,1,0,0,1,1,0,0,1,0,0,0,0,0,0,1,1,0,0,1,0,0,1,1,0,0,1,0,0,0,0,0,1,"1","c3468t","L916L.1","Sample",0.00821154080007451
"10793",2700,660,"g","a",0,5,3299,0.00151561079115,"NS","NS","gtt","att","V","I",0,1,1,0,0,1,0,0,1,0,1,0,1,0,0,0,0,0,0,1,1,0,0,1,0,0,1,1,0,0,1,0,0,0,0,0,1,"1","g2700a","V660I","Sample",0.0138557773593569
"1673",420,0,"t","a",0,4,2659,0.00150432493419,"U","U","U","U","U","U",0,0,0,0,0,0,0,0,0,0,0,0,0,0,0,0,0,0,0,0,0,0,0,0,0,0,0,0,0,0,0,0,0,0,0,0,1,"1","t420a","U0U.1672","Sample",0.00813710223177194
"29260",7316,0,"c","t",0,4,2669,0.00149868864743,"U","U","U","U","U","U",0,0,0,0,0,0,0,0,0,0,0,0,0,0,0,0,0,0,0,0,0,0,0,0,0,0,0,0,0,0,0,0,0,0,0,0,1,"1","c7316t","U0U.4023","Sample",0.00811067591998579
"17436",4360,1213,"g","t",0,4,2672,0.00149700598802,"NS","NS","cgc","ctc","R","L",0,1,0,0,1,0,1,0,0,1,0,0,0,1,1,0,1,0,0,1,1,0,0,1,0,0,1,1,0,0,1,0,0,0,0,0,1,"1","g4360t","R1213L","Sample",0.00810278363214722
"27512",6879,2053,"c","t",0,4,2676,0.00149476831091,"NS","NC","cca","tca","P","S",0,0,0,0,0,0,0,1,1,0,1,0,1,0,0,0,1,0,0,1,0,0,0,0,0,0,0,0,0,0,1,1,0,1,1,0,1,"1","c6879t","P2053S","Sample",0.00809228599138299
"15392",3849,1043,"c","t",0,4,2694,0.0014847809948,"S","S","ctg","ttg","L","L",0,1,1,0,0,1,0,0,1,1,0,0,1,0,0,0,0,0,0,1,1,0,0,1,0,0,1,1,0,0,1,0,0,0,0,0,1,"1","c3849t","L1043L.1","Sample",0.00804540282314795
"752",189,0,"g","t",0,4,2732,0.00146412884334,"U","U","U","U","U","U",0,0,0,0,0,0,0,0,0,0,0,0,0,0,0,0,0,0,0,0,0,0,0,0,0,0,0,0,0,0,0,0,0,0,0,0,1,"1","g189t","U0U.751","Sample",0.00794830171862825
"3448",863,48,"g","t",0,5,3416,0.00146370023419,"NS","NC","tgg","tgt","W","C",0,0,0,1,0,1,0,1,1,1,0,0,1,0,0,0,0,0,0,1,0,0,0,1,0,0,0,0,1,0,1,1,0,0,0,0,1,"1","g863t","W48C.1","Sample",0.0144906799819827
"10884",2722,667,"c","t",0,4,2742,0.00145878920496,"NS","C","cct","ctt","P","L",0,0,0,0,0,0,0,1,1,0,1,0,1,0,0,0,1,0,0,1,1,0,0,1,0,0,1,1,0,0,1,0,0,0,0,0,1,"1","c2722t","P667L","Sample",0.00792316199170467
"3444",862,47,"g","t",0,5,3450,0.00144927536232,"NS","C","tgg","ttg","W","L",0,0,0,1,0,1,0,1,1,1,0,0,1,0,0,0,0,0,0,1,1,0,0,1,0,0,1,1,0,0,1,0,0,0,0,0,1,"1","g862t","W47L","Sample",0.00979033075048055
"29852",7464,0,"c","t",0,6,4157,0.00144334856868,"U","U","U","U","U","U",0,0,0,0,0,0,0,0,0,0,0,0,0,0,0,0,0,0,0,0,0,0,0,0,0,0,0,0,0,0,0,0,0,0,0,0,1,"1","c7464t","U0U.4615","Sample",0.00785038579427634
"20348",5088,1456,"c","t",0,5,3473,0.00143967751224,"S","S","ctg","ttg","L","L",0,1,1,0,0,1,0,0,1,1,0,0,1,0,0,0,0,0,0,1,1,0,0,1,0,0,1,1,0,0,1,0,0,0,0,0,1,"1","c5088t","L1456L.1","Sample",0.00783306553041236
"6416",1605,295,"c","t",0,4,2786,0.00143575017947,"NS","X","cag","tag","Q","*",0,1,0,0,0,0,0,0,0,1,0,0,1,1,0,0,1,0,0,0,0,0,0,0,0,0,0,0,0,0,0,0,0,0,0,1,1,"1","c1605t","Q295*","Sample",0.00781452865229385
"29928",7483,0,"c","t",0,6,4183,0.00143437724121,"U","U","U","U","U","U",0,0,0,0,0,0,0,0,0,0,0,0,0,0,0,0,0,0,0,0,0,0,0,0,0,0,0,0,0,0,0,0,0,0,0,0,1,"1","c7483t","U0U.4691","Sample",0.00780804660048848
"2712",679,0,"c","t",0,4,2818,0.0014194464159,"U","U","U","U","U","U",0,0,0,0,0,0,0,0,0,0,0,0,0,0,0,0,0,0,0,0,0,0,0,0,0,0,0,0,0,0,0,0,0,0,0,0,1,"1","c679t","U0U.2711","Sample",0.00773749222018322
"25288",6323,1868,"c","t",0,4,2841,0.00140795494544,"S","S","ttc","ttt","F","F",0,0,0,1,0,1,0,1,1,1,0,0,1,0,0,0,0,0,0,0,0,1,0,1,0,1,1,1,0,0,1,0,0,0,0,0,1,"1","c6323t","F1868F.1","Sample",0.00768311302730206
"13482",3372,884,"g","c",0,4,2850,0.00140350877193,"NS","NS","gga","cga","G","R",0,1,1,0,0,0,0,0,1,0,0,0,1,0,0,1,1,0,0,1,0,0,1,0,1,0,0,1,0,0,0,1,1,0,1,0,1,"1","g3372c","G884R.1","Sample",0.00992822366854522
"29280",7321,0,"c","t",0,4,2853,0.00140203294777,"U","U","U","U","U","U",0,0,0,0,0,0,0,0,0,0,0,0,0,0,0,0,0,0,0,0,0,0,0,0,0,0,0,0,0,0,0,0,0,0,0,0,1,"1","c7321t","U0U.4043","Sample",0.00765506291377397
"25872",6469,1916,"c","t",0,4,2862,0.00139762403913,"NS","NS","tcg","ttg","S","L",0,1,0,0,0,0,0,0,0,0,0,0,1,1,0,1,1,0,0,1,1,0,0,1,0,0,1,1,0,0,1,0,0,0,0,0,1,"1","c6469t","S1916L","Sample",0.00763416796294191
"17376",4345,1208,"c","t",0,4,2863,0.00139713587146,"NS","NC","acg","atg","T","M",0,1,0,0,0,0,0,0,0,0,1,0,1,1,0,0,1,0,0,1,0,0,0,1,0,0,1,1,0,0,1,0,0,0,0,0,1,"1","c4345t","T1208M","Sample",0.00763185379371953
"10868",2718,666,"c","t",0,4,2885,0.00138648180243,"NS","NS","cac","tac","H","Y",0,0,0,1,1,0,1,1,0,1,0,0,1,1,1,0,1,0,0,0,0,1,0,0,0,1,1,1,0,0,1,0,0,0,1,0,1,"1","c2718t","H666Y","Sample",0.0075813171900643
"2424",607,0,"c","t",0,4,2895,0.0013816925734,"U","U","U","U","U","U",0,0,0,0,0,0,0,0,0,0,0,0,0,0,0,0,0,0,0,0,0,0,0,0,0,0,0,0,0,0,0,0,0,0,0,0,1,"1","c607t","U0U.2423","Sample",0.00755858067972431
"18948",4738,1339,"c","t",0,4,2900,0.00137931034483,"NS","NS","acc","atc","T","I",0,1,0,0,0,0,0,0,0,0,1,0,1,1,0,0,1,0,0,1,1,0,0,1,0,0,1,1,0,0,1,0,0,0,0,0,1,"1","c4738t","T1339I","Sample",0.00977869638601838
"4012",1004,95,"c","t",0,4,2926,0.00136705399863,"S","S","ctc","ctt","L","L",0,1,1,0,0,1,0,0,1,1,0,0,1,0,0,0,0,0,0,1,1,0,0,1,0,0,1,1,0,0,1,0,0,0,0,0,1,"1","c1004t","L95L.3","Sample",0.0074890106113107
"21948",5488,1589,"c","t",0,4,2927,0.00136658694909,"NS","NS","tca","tta","S","L",0,1,0,0,0,0,0,0,0,0,0,0,1,1,0,1,1,0,0,1,1,0,0,1,0,0,1,1,0,0,1,0,0,0,0,0,1,"1","c5488t","S1589L","Sample",0.00748678909315353
"29294",7325,0,"g","c",0,4,3050,0.00131147540984,"U","U","U","U","U","U",0,0,0,0,0,0,0,0,0,0,0,0,0,0,0,0,0,0,0,0,0,0,0,0,0,0,0,0,0,0,0,0,0,0,0,0,1,"1","g7325c","U0U.4057","Sample",0.00722383090154452
"19468",4868,1383,"g","t",0,5,3851,0.00129836406128,"NS","C","atg","att","M","I",0,1,0,0,0,1,0,0,1,1,0,0,1,0,0,0,0,0,0,1,1,0,0,1,0,0,1,1,0,0,1,0,0,0,0,0,1,"1","g4868t","M1383I.2","Sample",0.0103683670082391
"24888",6223,1834,"g","t",0,4,3102,0.00128949065119,"NS","NS","tgc","ttc","C","F",0,1,0,0,0,1,0,0,0,0,1,0,1,1,0,0,0,0,0,0,0,1,0,1,0,1,1,1,0,0,1,0,0,0,0,0,1,"1","g6223t","C1834F","Sample",0.00711847030365418
"34808",8703,0,"g","t",0,5,3887,0.00128633907898,"U","U","U","U","U","U",0,0,0,0,0,0,0,0,0,0,0,0,0,0,0,0,0,0,0,0,0,0,0,0,0,0,0,0,0,0,0,0,0,0,0,0,1,"1","g8703t","U0U.9571","Sample",0.00882254872944414
"7560",1891,390,"g","t",0,7,5511,0.00127018689893,"NS","NS","ggg","gtg","G","V",0,1,1,0,0,0,0,0,1,0,0,0,1,0,0,1,1,0,0,1,1,0,0,1,0,0,1,0,1,0,1,0,0,0,0,0,1,"1","g1891t","G390V","Sample",0.0122636122587216
"33162",8292,0,"t","c",0,5,3940,0.00126903553299,"U","U","U","U","U","U",0,0,0,0,0,0,0,0,0,0,0,0,0,0,0,0,0,0,0,0,0,0,0,0,0,0,0,0,0,0,0,0,0,0,0,0,1,"1","t8292c","U0U.7925","Sample",0.00702019737134057
"33394",8350,0,"t","c",0,7,5541,0.00126330987186,"U","U","U","U","U","U",0,0,0,0,0,0,0,0,0,0,0,0,0,0,0,0,0,0,0,0,0,0,0,0,0,0,0,0,0,0,0,0,0,0,0,0,1,"1","t8350c","U0U.8157","Sample",0.00699264696875332
"30904",7727,0,"c","t",0,4,3188,0.00125470514429,"U","U","U","U","U","U",0,0,0,0,0,0,0,0,0,0,0,0,0,0,0,0,0,0,0,0,0,0,0,0,0,0,0,0,0,0,0,0,0,0,0,0,1,"1","c7727t","U0U.5667","Sample",0.00695120796591059
"33502",8377,0,"a","c",0,6,4807,0.00124817973788,"U","U","U","U","U","U",0,0,0,0,0,0,0,0,0,0,0,0,0,0,0,0,0,0,0,0,0,0,0,0,0,0,0,0,0,0,0,0,0,0,0,0,1,"1","a8377c","U0U.8265","Sample",0.0203190507089094
"26916",6730,2003,"c","t",0,4,3281,0.00121914050594,"NS","C","cca","cta","P","L",0,0,0,0,0,0,0,1,1,0,1,0,1,0,0,0,1,0,0,1,1,0,0,1,0,0,1,1,0,0,1,0,0,0,0,0,1,"1","c6730t","P2003L","Sample",0.00677947890144947
"33088",8273,0,"c","t",0,5,4134,0.00120948234156,"U","U","U","U","U","U",0,0,0,0,0,0,0,0,0,0,0,0,0,0,0,0,0,0,0,0,0,0,0,0,0,0,0,0,0,0,0,0,0,0,0,0,1,"1","c8273t","U0U.7851","Sample",0.00835996384605346
"19204",4802,1361,"c","t",0,5,4225,0.00118343195266,"S","S","ttc","ttt","F","F",0,0,0,1,0,1,0,1,1,1,0,0,1,0,0,0,0,0,0,0,0,1,0,1,0,1,1,1,0,0,1,0,0,0,0,0,1,"1","c4802t","F1361F.1","Sample",0.00660630092864061
"3446",863,48,"g","c",0,4,3416,0.00117096018735,"NS","NC","tgg","tgc","W","C",0,0,0,1,0,1,0,1,1,1,0,0,1,0,0,0,0,0,0,1,0,0,0,1,0,0,0,0,1,0,1,1,0,0,0,0,1,"1","g863c","W48C","Sample",0.0144906799819827
"3238",811,30,"t","c",0,4,3436,0.0011641443539,"NS","NS","ata","aca","I","T",0,1,1,0,0,1,0,0,1,1,0,0,1,0,0,0,0,0,0,1,0,0,0,0,0,0,0,0,1,0,1,1,0,0,1,0,1,"1","t811c","I30T","Sample",0.00651243846526779
"26748",6688,1989,"c","t",0,6,5241,0.0011448196909,"NS","NS","gca","gta","A","V",0,1,1,0,0,1,0,0,1,0,0,0,1,0,0,1,0,0,0,1,1,0,0,1,0,0,1,0,1,0,1,0,0,0,0,0,1,"1","c6688t","A1989V","Sample",0.00641816417037445
"27724",6932,2071,"c","t",0,8,7010,0.00114122681883,"S","S","ggc","ggt","G","G",0,1,1,0,0,0,0,0,1,0,0,0,1,0,0,1,1,0,0,1,1,0,0,0,0,0,1,0,0,0,1,0,0,1,1,0,1,"1","c6932t","G2071G.3","Sample",0.00640061069061991
"27648",6913,2064,"g","t",0,7,6162,0.00113599480688,"NS","NS","tgt","ttt","C","F",0,1,0,0,0,1,0,0,0,0,1,0,1,1,0,0,0,0,0,0,0,1,0,1,0,1,1,1,0,0,1,0,0,0,0,0,1,"1","g6913t","C2064F","Sample",0.0075134732454921
"12168",3043,774,"c","t",0,7,6192,0.00113049095607,"NS","NC","acg","atg","T","M",0,1,0,0,0,0,0,0,0,0,1,0,1,1,0,0,1,0,0,1,0,0,0,1,0,0,1,1,0,0,1,0,0,0,0,0,1,"1","c3043t","T774M","Sample",0.00634811035486129
"34992",8749,0,"c","t",0,4,3550,0.00112676056338,"U","U","U","U","U","U",0,0,0,0,0,0,0,0,0,0,0,0,0,0,0,0,0,0,0,0,0,0,0,0,0,0,0,0,0,0,0,0,0,0,0,0,1,"1","c8749t","U0U.9755","Sample",0.00819386048621265
"4332",1084,121,"c","t",0,5,4449,0.00112384805574,"NS","NS","acc","atc","T","I",0,1,0,0,0,0,0,0,0,0,1,0,1,1,0,0,1,0,0,1,1,0,0,1,0,0,1,1,0,0,1,0,0,0,0,0,1,"1","c1084t","T121I","Sample",0.00631558852568141
"3257",816,32,"g","a",0,4,3585,0.00111576011158,"NS","NS","gta","ata","V","I",0,1,1,0,0,1,0,0,1,0,1,0,1,0,0,0,0,0,0,1,1,0,0,1,0,0,1,1,0,0,1,0,0,0,0,0,1,"1","g816a","V32I","Sample",0.00627595386007312
"24500",6126,1802,"g","t",0,4,3610,0.001108033241,"NS","X","gaa","taa","E","*",1,1,0,0,0,0,1,0,0,1,0,1,0,1,0,0,1,0,0,0,0,0,0,0,0,0,0,0,0,0,0,0,0,0,0,1,1,"1","g6126t","E1802*","Sample",0.00623804908047662
"3408",853,44,"g","t",0,4,3627,0.00110283981252,"NS","NS","cga","cta","R","L",0,1,0,0,1,0,1,0,0,1,0,0,0,1,1,0,1,0,0,1,1,0,0,1,0,0,1,1,0,0,1,0,0,0,0,0,1,"1","g853t","R44L","Sample",0.00959420632712509
"32108",8028,0,"c","t",0,5,4590,0.00108932461874,"U","U","U","U","U","U",0,0,0,0,0,0,0,0,0,0,0,0,0,0,0,0,0,0,0,0,0,0,0,0,0,0,0,0,0,0,0,0,0,0,0,0,1,"1","c8028t","U0U.6871","Sample",0.00614611073922156
"4100",1026,102,"c","t",0,4,3700,0.00108108108108,"NS","X","cga","tga","R","*",0,1,0,0,1,0,1,0,0,1,0,0,0,1,1,0,1,0,0,0,0,0,0,0,0,0,0,0,0,0,0,0,0,0,0,1,1,"1","c1026t","R102*","Sample",0.00610552674592525
"9353",2340,540,"c","a",0,4,3712,0.0010775862069,"NS","C","cag","aag","Q","K",0,1,0,0,0,0,0,0,0,1,0,0,1,1,0,0,1,0,0,1,0,0,1,0,1,0,0,1,0,0,0,1,1,0,1,0,1,"1","c2340a","Q540K","Sample",0.00787964975537949
"30940",7736,0,"c","t",0,4,3721,0.00107497984413,"U","U","U","U","U","U",0,0,0,0,0,0,0,0,0,0,0,0,0,0,0,0,0,0,0,0,0,0,0,0,0,0,0,0,0,0,0,0,0,0,0,0,1,"1","c7736t","U0U.5703","Sample",0.00607546036224757
"7404",1852,377,"g","t",0,6,5611,0.00106932810551,"NS","NS","tgc","ttc","C","F",0,1,0,0,0,1,0,0,0,0,1,0,1,1,0,0,0,0,0,0,0,1,0,1,0,1,1,1,0,0,1,0,0,0,0,0,1,"1","g1852t","C377F","Sample",0.00728578538816528
"29467",7368,0,"a","g",0,4,3761,0.00106354692901,"U","U","U","U","U","U",0,0,0,0,0,0,0,0,0,0,0,0,0,0,0,0,0,0,0,0,0,0,0,0,0,0,0,0,0,0,0,0,0,0,0,0,1,"1","a7368g","U0U.4230","Sample",0.00601905247161108
"14492",3624,968,"c","t",0,5,4715,0.00106044538706,"NS","NS","ctt","ttt","L","F",0,1,1,0,0,1,0,0,1,1,0,0,1,0,0,0,0,0,0,0,0,1,0,1,0,1,1,1,0,0,1,0,0,0,0,0,1,"1","c3624t","L968F.2","Sample",0.00745061210276572
"29670",7419,0,"t","c",0,4,3814,0.00104876769795,"U","U","U","U","U","U",0,0,0,0,0,0,0,0,0,0,0,0,0,0,0,0,0,0,0,0,0,0,0,0,0,0,0,0,0,0,0,0,0,0,0,0,1,"1","t7419c","U0U.4433","Sample",0.00594600282045684
"7544",1887,389,"c","t",0,6,5722,0.00104858441105,"NS","NS","ctt","ttt","L","F",0,1,1,0,0,1,0,0,1,1,0,0,1,0,0,0,0,0,0,0,0,1,0,1,0,1,1,1,0,0,1,0,0,0,0,0,1,"1","c1887t","L389F","Sample",0.00594509594418374
"32754",8190,0,"t","c",0,7,6680,0.00104790419162,"U","U","U","U","U","U",0,0,0,0,0,0,0,0,0,0,0,0,0,0,0,0,0,0,0,0,0,0,0,0,0,0,0,0,0,0,0,0,0,0,0,0,1,"1","t8190c","U0U.7517","Sample",0.00594173011770082
"24552",6139,1806,"c","t",0,4,3825,0.00104575163399,"NS","NS","gct","gtt","A","V",0,1,1,0,0,1,0,0,1,0,0,0,1,0,0,1,0,0,0,1,1,0,0,1,0,0,1,0,1,0,1,0,0,0,0,0,1,"1","c6139t","A1806V","Sample",0.00593107684178624
"32920",8231,0,"c","t",0,6,5745,0.00104438642298,"U","U","U","U","U","U",0,0,0,0,0,0,0,0,0,0,0,0,0,0,0,0,0,0,0,0,0,0,0,0,0,0,0,0,0,0,0,0,0,0,0,0,1,"1","c8231t","U0U.7683","Sample",0.00592431858472034
"28344",7087,0,"c","t",0,6,5875,0.00102127659574,"U","U","U","U","U","U",0,0,0,0,0,0,0,0,0,0,0,0,0,0,0,0,0,0,0,0,0,0,0,0,0,0,0,0,0,0,0,0,0,0,0,0,1,"1","c7087t","U0U.3107","Sample",0.00580972020268058
"11984",2997,759,"c","t",0,7,6906,0.00101361135245,"NS","NS","cat","tat","H","Y",0,0,0,1,1,0,1,1,0,1,0,0,1,1,1,0,1,0,0,0,0,1,0,0,0,1,1,1,0,0,1,0,0,0,1,0,1,"1","c2997t","H759Y","Sample",0.00851046006128735
"28760",7191,0,"c","t",0,6,5938,0.001010441226,"U","U","U","U","U","U",0,0,0,0,0,0,0,0,0,0,0,0,0,0,0,0,0,0,0,0,0,0,0,0,0,0,0,0,0,0,0,0,0,0,0,0,1,"1","c7191t","U0U.3523","Sample",0.00794123426579429
"32776",8195,0,"c","t",0,7,6938,0.00100893629288,"U","U","U","U","U","U",0,0,0,0,0,0,0,0,0,0,0,0,0,0,0,0,0,0,0,0,0,0,0,0,0,0,0,0,0,0,0,0,0,0,0,0,1,"1","c8195t","U0U.7539","Sample",0.00574837225704428
"7460",1866,382,"g","t",0,6,5985,0.00100250626566,"NS","NS","gac","tac","D","Y",1,1,0,0,0,0,1,0,0,0,1,1,0,1,0,0,1,0,0,0,0,1,0,0,0,1,1,1,0,0,1,0,0,0,1,0,1,"1","g1866t","D382Y","Sample",0.0099934489483943
"34662",8667,0,"t","c",0,5,4995,0.001001001001,"U","U","U","U","U","U",0,0,0,0,0,0,0,0,0,0,0,0,0,0,0,0,0,0,0,0,0,0,0,0,0,0,0,0,0,0,0,0,0,0,0,0,1,"1","t8667c","U0U.9425","Sample",0.00825685965572309
"33252",8314,0,"c","t",0,4,3997,0.00100075056292,"U","U","U","U","U","U",0,0,0,0,0,0,0,0,0,0,0,0,0,0,0,0,0,0,0,0,0,0,0,0,0,0,0,0,0,0,0,0,0,0,0,0,1,"1","c8314t","U0U.8015","Sample",0.00881134364974252
"14316",3580,953,"g","t",0,4,4030,0.000992555831266,"NS","NS","aga","ata","R","I",0,1,0,0,1,0,1,0,0,1,0,0,0,1,1,0,1,0,0,1,1,0,0,1,0,0,1,1,0,0,1,0,0,0,0,0,1,"1","g3580t","R953I","Sample",0.00566677069459868
"23272",5819,1700,"g","t",0,5,5064,0.000987361769352,"NS","NS","ttg","ttt","L","F",0,1,1,0,0,1,0,0,1,1,0,0,1,0,0,0,0,0,0,0,0,1,0,1,0,1,1,1,0,0,1,0,0,0,0,0,1,"1","g5819t","L1700F.1","Sample",0.0056408551391885
"32420",8106,0,"c","t",0,5,5096,0.000981161695447,"U","U","U","U","U","U",0,0,0,0,0,0,0,0,0,0,0,0,0,0,0,0,0,0,0,0,0,0,0,0,0,0,0,0,0,0,0,0,0,0,0,0,1,"1","c8106t","U0U.7183","Sample",0.00695960844600729
"32444",8112,0,"c","t",0,4,4080,0.000980392156863,"U","U","U","U","U","U",0,0,0,0,0,0,0,0,0,0,0,0,0,0,0,0,0,0,0,0,0,0,0,0,0,0,0,0,0,0,0,0,0,0,0,0,1,"1","c8112t","U0U.7207","Sample",0.00560604953091706
"31168",7793,0,"c","t",0,4,4130,0.000968523002421,"U","U","U","U","U","U",0,0,0,0,0,0,0,0,0,0,0,0,0,0,0,0,0,0,0,0,0,0,0,0,0,0,0,0,0,0,0,0,0,0,0,0,1,"1","c7793t","U0U.5931","Sample",0.00554669357862957
"27928",6983,2088,"c","t",0,4,4148,0.000964320154291,"S","S","cac","cat","H","H",0,0,0,1,1,0,1,1,0,1,0,0,1,1,1,0,1,0,0,0,0,1,1,0,1,1,0,1,0,0,1,1,1,0,1,0,1,"1","c6983t","H2088H.1","Sample",0.00552565062007968
"28300",7076,0,"c","t",0,5,5207,0.000960245822931,"U","U","U","U","U","U",0,0,0,0,0,0,0,0,0,0,0,0,0,0,0,0,0,0,0,0,0,0,0,0,0,0,0,0,0,0,0,0,0,0,0,0,1,"1","c7076t","U0U.3063","Sample",0.00550523849847822
"14857",3716,999,"g","a",0,4,4169,0.000959462700888,"S","S","gag","gaa","E","E",1,1,0,0,0,0,1,0,0,1,0,1,0,1,0,0,1,0,1,1,0,0,0,0,1,0,0,1,0,1,0,1,0,0,1,0,1,"1","g3716a","E999E","Sample",0.00550131368203451
"29556",7390,0,"c","t",0,4,4246,0.000942063118229,"U","U","U","U","U","U",0,0,0,0,0,0,0,0,0,0,0,0,0,0,0,0,0,0,0,0,0,0,0,0,0,0,0,0,0,0,0,0,0,0,0,0,1,"1","c7390t","U0U.4319","Sample",0.00541399148770838
"7596",1900,393,"g","t",0,5,5340,0.000936329588015,"NS","NS","agg","atg","R","M",0,1,0,0,1,0,1,0,0,1,0,0,0,1,1,0,1,0,0,1,0,0,0,1,0,0,1,1,0,0,1,0,0,0,0,0,1,"1","g1900t","R393M","Sample",0.00667953268642102
"5424",1357,212,"g","t",0,4,4310,0.00092807424594,"NS","NS","ggt","gtt","G","V",0,1,1,0,0,0,0,0,1,0,0,0,1,0,0,1,1,0,0,1,1,0,0,1,0,0,1,0,1,0,1,0,0,0,0,0,1,"1","g1357t","G212V","Sample",0.00981496113526301
"28452",7114,0,"g","t",0,5,5441,0.000918948722661,"U","U","U","U","U","U",0,0,0,0,0,0,0,0,0,0,0,0,0,0,0,0,0,0,0,0,0,0,0,0,0,0,0,0,0,0,0,0,0,0,0,0,1,"1","g7114t","U0U.3215","Sample",0.00657045505862624
"4172",1044,108,"g","t",0,4,4370,0.00091533180778,"NS","NS","gtc","ttc","V","F",0,1,1,0,0,1,0,0,1,0,1,0,1,0,0,0,0,0,0,0,0,1,0,1,0,1,1,1,0,0,1,0,0,0,0,0,1,"1","g1044t","V108F","Sample",0.00814768083056821
"30280",7571,0,"c","t",0,4,4401,0.000908884344467,"U","U","U","U","U","U",0,0,0,0,0,0,0,0,0,0,0,0,0,0,0,0,0,0,0,0,0,0,0,0,0,0,0,0,0,0,0,0,0,0,0,0,1,"1","c7571t","U0U.5043","Sample",0.0067856685184705
"7558",1891,390,"g","c",0,5,5511,0.000907276356378,"NS","NS","ggg","gcg","G","A",0,1,1,0,0,0,0,0,1,0,0,0,1,0,0,1,1,0,0,1,1,0,0,1,0,0,1,0,0,0,1,0,0,1,0,0,1,"1","g1891c","G390A","Sample",0.0122636122587216
"28524",7132,0,"c","t",0,5,5659,0.000883548330094,"U","U","U","U","U","U",0,0,0,0,0,0,0,0,0,0,0,0,0,0,0,0,0,0,0,0,0,0,0,0,0,0,0,0,0,0,0,0,0,0,0,0,1,"1","c7132t","U0U.3287","Sample",0.00511859906118385
"28412",7104,0,"c","t",0,5,5754,0.000868960722975,"U","U","U","U","U","U",0,0,0,0,0,0,0,0,0,0,0,0,0,0,0,0,0,0,0,0,0,0,0,0,0,0,0,0,0,0,0,0,0,0,0,0,1,"1","c7104t","U0U.3175","Sample",0.00504452965217142
"23244",5812,1697,"c","t",0,4,4688,0.000853242320819,"NS","NS","gcc","gtc","A","V",0,1,1,0,0,1,0,0,1,0,0,0,1,0,0,1,0,0,0,1,1,0,0,1,0,0,1,0,1,0,1,0,0,0,0,0,1,"1","c5812t","A1697V","Sample",0.00496452057847763
"27592",6899,2060,"c","t",0,4,4705,0.000850159404888,"S","S","tac","tat","Y","Y",0,0,0,1,0,0,0,1,1,1,0,0,1,0,0,0,1,0,0,0,0,1,0,0,0,1,1,1,0,0,1,0,0,0,1,0,1,"1","c6899t","Y2060Y.1","Sample",0.00494880366174817
"33300",8326,0,"c","t",0,4,4735,0.000844772967265,"U","U","U","U","U","U",0,0,0,0,0,0,0,0,0,0,0,0,0,0,0,0,0,0,0,0,0,0,0,0,0,0,0,0,0,0,0,0,0,0,0,0,1,"1","c8326t","U0U.8063","Sample",0.00492132384569902
"12180",3046,775,"c","t",0,5,5952,0.000840053763441,"NS","NS","act","att","T","I",0,1,0,0,0,0,0,0,0,0,1,0,1,1,0,0,1,0,0,1,1,0,0,1,0,0,1,1,0,0,1,0,0,0,0,0,1,"1","c3046t","T775I","Sample",0.00724608498380993
"26703",6677,1986,"a","g",0,4,4796,0.000834028356964,"S","S","tta","ttg","L","L",0,1,1,0,0,1,0,0,1,1,0,0,1,0,0,0,0,0,0,1,1,0,0,1,0,0,1,1,0,0,1,0,0,0,0,0,1,"1","a6677g","L1986L.1","Sample",0.00486643419211378
"33344",8337,0,"g","t",0,4,4812,0.000831255195345,"U","U","U","U","U","U",0,0,0,0,0,0,0,0,0,0,0,0,0,0,0,0,0,0,0,0,0,0,0,0,0,0,0,0,0,0,0,0,0,0,0,0,1,"1","g8337t","U0U.8107","Sample",0.00485225111304038
"33352",8339,0,"c","t",0,4,4847,0.00082525273365,"U","U","U","U","U","U",0,0,0,0,0,0,0,0,0,0,0,0,0,0,0,0,0,0,0,0,0,0,0,0,0,0,0,0,0,0,0,0,0,0,0,0,1,"1","c8339t","U0U.8115","Sample",0.00623314784121008
"32964",8242,0,"g","t",0,4,5102,0.00078400627205,"U","U","U","U","U","U",0,0,0,0,0,0,0,0,0,0,0,0,0,0,0,0,0,0,0,0,0,0,0,0,0,0,0,0,0,0,0,0,0,0,0,0,1,"1","g8242t","U0U.7727","Sample",0.00595787684595337
"28264",7067,0,"c","t",0,4,5196,0.000769822940724,"U","U","U","U","U","U",0,0,0,0,0,0,0,0,0,0,0,0,0,0,0,0,0,0,0,0,0,0,0,0,0,0,0,0,0,0,0,0,0,0,0,0,1,"1","c7067t","U0U.3027","Sample",0.0045363068914225
"33547",8388,0,"a","g",0,4,5258,0.00076074553062,"U","U","U","U","U","U",0,0,0,0,0,0,0,0,0,0,0,0,0,0,0,0,0,0,0,0,0,0,0,0,0,0,0,0,0,0,0,0,0,0,0,0,1,"1","a8388g","U0U.8310","Sample",0.00580178171243556
"34648",8663,0,"c","t",0,4,5263,0.000760022800684,"U","U","U","U","U","U",0,0,0,0,0,0,0,0,0,0,0,0,0,0,0,0,0,0,0,0,0,0,0,0,0,0,0,0,0,0,0,0,0,0,0,0,1,"1","c8663t","U0U.9411","Sample",0.00448558477707556
"32856",8215,0,"c","t",0,5,6607,0.000756773119419,"U","U","U","U","U","U",0,0,0,0,0,0,0,0,0,0,0,0,0,0,0,0,0,0,0,0,0,0,0,0,0,0,0,0,0,0,0,0,0,0,0,0,1,"1","c8215t","U0U.7619","Sample",0.00446874547495343
"7600",1901,394,"g","t",0,4,5305,0.000754005655042,"NS","C","agg","agt","R","S",0,1,0,0,1,0,1,0,0,1,0,0,0,1,1,0,1,0,0,1,0,0,0,0,0,0,0,0,0,0,1,1,0,1,1,0,1,"1","g1901t","R394S.1","Sample",0.00686994302663982
"32285",8073,0,"g","a",0,5,6637,0.000753352418261,"U","U","U","U","U","U",0,0,0,0,0,0,0,0,0,0,0,0,0,0,0,0,0,0,0,0,0,0,0,0,0,0,0,0,0,0,0,0,0,0,0,0,1,"1","g8073a","U0U.7048","Sample",0.00445100909276764
"32616",8155,0,"g","t",0,4,5415,0.000738688827331,"U","U","U","U","U","U",0,0,0,0,0,0,0,0,0,0,0,0,0,0,0,0,0,0,0,0,0,0,0,0,0,0,0,0,0,0,0,0,0,0,0,0,1,"1","g8155t","U0U.7379","Sample",0.00565317377381882
"34696",8675,0,"g","t",0,4,5440,0.000735294117647,"U","U","U","U","U","U",0,0,0,0,0,0,0,0,0,0,0,0,0,0,0,0,0,0,0,0,0,0,0,0,0,0,0,0,0,0,0,0,0,0,0,0,1,"1","g8675t","U0U.9459","Sample",0.00435718950161384
"28512",7129,0,"c","t",0,4,5545,0.000721370604148,"U","U","U","U","U","U",0,0,0,0,0,0,0,0,0,0,0,0,0,0,0,0,0,0,0,0,0,0,0,0,0,0,0,0,0,0,0,0,0,0,0,0,1,"1","c7129t","U0U.3275","Sample",0.00428463347227139
"32628",8158,0,"g","t",0,4,5576,0.000717360114778,"U","U","U","U","U","U",0,0,0,0,0,0,0,0,0,0,0,0,0,0,0,0,0,0,0,0,0,0,0,0,0,0,0,0,0,0,0,0,0,0,0,0,1,"1","g8158t","U0U.7391","Sample",0.00657474896482624
"28456",7115,0,"c","t",0,4,5644,0.000708717221828,"U","U","U","U","U","U",0,0,0,0,0,0,0,0,0,0,0,0,0,0,0,0,0,0,0,0,0,0,0,0,0,0,0,0,0,0,0,0,0,0,0,0,1,"1","c7115t","U0U.3219","Sample",0.0042185279806024
"11968",2993,758,"c","t",0,5,7061,0.000708114997876,"S","S","aac","aat","N","N",0,1,0,0,0,0,0,0,0,0,1,0,1,1,0,0,1,0,0,1,0,0,0,0,0,0,0,0,1,0,1,1,0,0,1,0,1,"1","c2993t","N758N.1","Sample",0.00421537771909808
"7408",1853,378,"c","t",0,4,5685,0.000703605980651,"S","S","tgc","tgt","C","C",0,1,0,0,0,1,0,0,0,0,1,0,1,1,0,0,0,0,0,1,0,0,0,1,0,0,0,0,1,0,1,1,0,0,0,0,1,"1","c1853t","C378C.1","Sample",0.00419177907164826
"32168",8043,0,"c","t",0,4,5704,0.00070126227209,"U","U","U","U","U","U",0,0,0,0,0,0,0,0,0,0,0,0,0,0,0,0,0,0,0,0,0,0,0,0,0,0,0,0,0,0,0,0,0,0,0,0,1,"1","c8043t","U0U.6931","Sample",0.00417950467575205
"33464",8367,0,"c","t",0,4,5731,0.000697958471471,"U","U","U","U","U","U",0,0,0,0,0,0,0,0,0,0,0,0,0,0,0,0,0,0,0,0,0,0,0,0,0,0,0,0,0,0,0,0,0,0,0,0,1,"1","c8367t","U0U.8227","Sample",0.00416219250881772
"18768",4693,1324,"c","t",0,4,5751,0.000695531211963,"NS","NC","acg","atg","T","M",0,1,0,0,0,0,0,0,0,0,1,0,1,1,0,0,1,0,0,1,0,0,0,1,0,0,1,1,0,0,1,0,0,0,0,0,1,"1","c4693t","T1324M","Sample",0.00414946629358441
"7476",1870,383,"c","t",0,4,5793,0.000690488520628,"NS","NS","tct","ttt","S","F",0,1,0,0,0,0,0,0,0,0,0,0,1,1,0,1,1,0,0,0,0,1,0,1,0,1,1,1,0,0,1,0,0,0,0,0,1,"1","c1870t","S383F","Sample",0.0041230076967716
"32640",8161,0,"c","t",0,4,5803,0.000689298638635,"U","U","U","U","U","U",0,0,0,0,0,0,0,0,0,0,0,0,0,0,0,0,0,0,0,0,0,0,0,0,0,0,0,0,0,0,0,0,0,0,0,0,1,"1","c8161t","U0U.7403","Sample",0.00411676061219848
"28532",7134,0,"c","t",0,4,5824,0.000686813186813,"U","U","U","U","U","U",0,0,0,0,0,0,0,0,0,0,0,0,0,0,0,0,0,0,0,0,0,0,0,0,0,0,0,0,0,0,0,0,0,0,0,0,1,"1","c7134t","U0U.3295","Sample",0.00530128357445561
"18704",4677,1319,"c","t",0,4,5859,0.00068271036013,"NS","NS","cgg","tgg","R","W",0,1,0,0,1,0,1,0,0,1,0,0,0,1,1,0,1,0,0,0,0,1,0,1,0,1,1,1,0,0,1,0,0,0,0,0,1,"1","c4677t","R1319W","Sample",0.00408214411741298
"18744",4687,1322,"c","t",0,4,5871,0.00068131493783,"NS","NS","gcg","gtg","A","V",0,1,1,0,0,1,0,0,1,0,0,0,1,0,0,1,0,0,0,1,1,0,0,1,0,0,1,0,1,0,1,0,0,0,0,0,1,"1","c4687t","A1322V","Sample",0.00526378431132442
"33600",8401,0,"c","t",0,4,5985,0.000668337510443,"U","U","U","U","U","U",0,0,0,0,0,0,0,0,0,0,0,0,0,0,0,0,0,0,0,0,0,0,0,0,0,0,0,0,0,0,0,0,0,0,0,0,1,"1","c8401t","U0U.8363","Sample",0.00400646561793664
"32731",8184,0,"t","g",0,4,6029,0.000663459943606,"U","U","U","U","U","U",0,0,0,0,0,0,0,0,0,0,0,0,0,0,0,0,0,0,0,0,0,0,0,0,0,0,0,0,0,0,0,0,0,0,0,0,1,"1","t8184g","U0U.7494","Sample",0.0149905814684748
"30384",7597,0,"c","t",0,4,6112,0.00065445026178,"U","U","U","U","U","U",0,0,0,0,0,0,0,0,0,0,0,0,0,0,0,0,0,0,0,0,0,0,0,0,0,0,0,0,0,0,0,0,0,0,0,0,1,"1","c7597t","U0U.5147","Sample",0.00393313209418581
"11936",2985,755,"c","t",0,4,6306,0.000634316523945,"NS","X","caa","taa","Q","*",0,1,0,0,0,0,0,0,0,1,0,0,1,1,0,0,1,0,0,0,0,0,0,0,0,0,0,0,0,0,0,0,0,0,0,1,1,"1","c2985t","Q755*","Sample",0.00494157643158548
"32868",8218,0,"c","t",0,4,6327,0.000632211158527,"U","U","U","U","U","U",0,0,0,0,0,0,0,0,0,0,0,0,0,0,0,0,0,0,0,0,0,0,0,0,0,0,0,0,0,0,0,0,0,0,0,0,1,"1","c8218t","U0U.7631","Sample",0.00381525044454449
"28668",7168,0,"c","t",0,4,6423,0.000622761949245,"U","U","U","U","U","U",0,0,0,0,0,0,0,0,0,0,0,0,0,0,0,0,0,0,0,0,0,0,0,0,0,0,0,0,0,0,0,0,0,0,0,0,1,"1","c7168t","U0U.3431","Sample",0.00376499371039226
"30494",7625,0,"g","c",0,4,6463,0.000618907628037,"U","U","U","U","U","U",0,0,0,0,0,0,0,0,0,0,0,0,0,0,0,0,0,0,0,0,0,0,0,0,0,0,0,0,0,0,0,0,0,0,0,0,1,"1","g7625c","U0U.5257","Sample",0.00577131986938606
"32274",8070,0,"t","c",0,4,6607,0.000605418495535,"U","U","U","U","U","U",0,0,0,0,0,0,0,0,0,0,0,0,0,0,0,0,0,0,0,0,0,0,0,0,0,0,0,0,0,0,0,0,0,0,0,0,1,"1","t8070c","U0U.7037","Sample",0.00367248005599421
"30439",7611,0,"a","g",0,4,6785,0.000589535740604,"U","U","U","U","U","U",0,0,0,0,0,0,0,0,0,0,0,0,0,0,0,0,0,0,0,0,0,0,0,0,0,0,0,0,0,0,0,0,0,0,0,0,1,"1","a7611g","U0U.5202","Sample",0.00463164938665807
"27809",6954,2078,"g","a",0,4,6821,0.000586424277965,"NS","C","gca","aca","A","T",0,1,1,0,0,1,0,0,1,0,0,0,1,0,0,1,0,0,0,1,0,0,0,0,0,0,0,0,1,0,1,1,0,0,1,0,1,"1","g6954a","A2078T","Sample",0.00461000355126937
"27688",6923,2068,"c","t",0,4,7016,0.000570125427594,"S","S","tac","tat","Y","Y",0,0,0,1,0,0,0,1,1,1,0,0,1,0,0,0,1,0,0,0,0,1,0,0,0,1,1,1,0,0,1,0,0,0,1,0,1,"1","c6923t","Y2068Y.1","Sample",0.00348310055205003
"11972",2994,758,"c","t",0,4,7059,0.000566652500354,"NS","NS","cgg","tgg","R","W",0,1,0,0,1,0,1,0,0,1,0,0,0,1,1,0,1,0,0,0,0,1,0,1,0,1,1,1,0,0,1,0,0,0,0,0,1,"1","c2994t","R758W","Sample",0.0063458417015892
"32796",8200,0,"c","t",0,4,7109,0.000562667041778,"U","U","U","U","U","U",0,0,0,0,0,0,0,0,0,0,0,0,0,0,0,0,0,0,0,0,0,0,0,0,0,0,0,0,0,0,0,0,0,0,0,0,1,"1","c8200t","U0U.7559","Sample",0.00344288085688798
