"","ntpos","resPos","wtNT","mutNT","ORF","count","coverage","freq","synNonsyn","mutClass","wtCodon","muCodon","wtRes","muRes","acidic_wt","acyclic_wt","aliphatic_wt","aromatic_wt","basic_wt","buried_wt","charged_wt","cyclic_wt","hydrophobic_wt","large_wt","medium_wt","negative_wt","neutral_wt","polar_wt","positive_wt","small_wt","surface_wt","stop_wt","acidic_mu","acyclic_mu","aliphatic_mu","aromatic_mu","basic_mu","buried_mu","charged_mu","cyclic_mu","hydrophobic_mu","large_mu","medium_mu","negative_mu","neutral_mu","polar_mu","positive_mu","small_mu","surface_mu","stop_mu","name","ntID","resID","header","passage","HsN"
"28942",7236,2380,"T","C",0,4640,4651,0.997634917222,"S","S","GCT","GCC","A","A",0,1,1,0,0,1,0,0,1,0,0,0,1,0,0,1,0,0,0,1,1,0,0,1,0,0,1,0,0,0,1,0,0,1,0,0,"1_Q20","T7236C","A2380A.3","Sample",1,0.0130443040831747
"33009",8253,0,"G","A",0,4140,4173,0.992092020129,"U","U","U","U","U","U",0,0,0,0,0,0,0,0,0,0,0,0,0,0,0,0,0,0,0,0,0,0,0,0,0,0,0,0,0,0,0,0,0,0,0,0,"1_Q20","G8253A","U0U.3392","Sample",1,0.0332904230463016
"4094",1024,310,"T","C",0,3450,3479,0.991664271342,"NS","NC","TCC","CCC","S","P",0,1,0,0,0,0,0,0,0,0,0,0,1,1,0,1,1,0,0,0,0,0,0,0,0,1,1,0,1,0,1,0,0,0,1,0,"1_Q20","T1024C","S310P","Sample",1,0.0356749939650046
"31378",7845,0,"T","C",0,276,3319,0.0831575775836,"U","U","U","U","U","U",0,0,0,0,0,0,0,0,0,0,0,0,0,0,0,0,0,0,0,0,0,0,0,0,0,0,0,0,0,0,0,0,0,0,0,0,"1_Q20","T7845C","U0U.1761","Sample",1,0.2085647623075
"1112",278,61,"A","T",0,33,647,0.0510046367852,"NS","NS","TAT","TTT","Y","F",0,0,0,1,0,0,0,1,1,1,0,0,1,0,0,0,1,0,0,0,0,1,0,1,0,1,1,1,0,0,1,0,0,0,0,0,"1_Q20","A278T","Y61F","Sample",1,0.145324675110536
"16287",4072,1326,"A","G",0,115,2797,0.0411154808724,"NS","C","AAT","GAT","N","D",0,1,0,0,0,0,0,0,0,0,1,0,1,1,0,0,1,0,1,1,0,0,0,0,1,0,0,0,1,1,0,1,0,0,1,0,"1_Q20","A4072G","N1326D","Sample",1,0.123691729086791
"3434",859,255,"T","C",0,133,3543,0.037538808919,"NS","NC","TGT","CGT","C","R",0,1,0,0,0,1,0,0,0,0,1,0,1,1,0,0,0,0,0,1,0,0,1,0,1,0,0,1,0,0,0,1,1,0,1,0,"1_Q20","T859C","C255R","Sample",1,0.115445811065367
"31892",7973,0,"C","T",0,30,1236,0.0242718446602,"U","U","U","U","U","U",0,0,0,0,0,0,0,0,0,0,0,0,0,0,0,0,0,0,0,0,0,0,0,0,0,0,0,0,0,0,0,0,0,0,0,0,"1_Q20","C7973T","U0U.2275","Sample",1,0.082398248054227
"2070",518,141,"T","C",0,26,1302,0.0199692780338,"NS","NS","GTG","GCG","V","A",0,1,1,0,0,1,0,0,1,0,1,0,1,0,0,0,0,0,0,1,1,0,0,1,0,0,1,0,0,0,1,0,0,1,0,0,"1_Q20","T518C","V141A","Sample",1,0.0706340064308816
"25441",6361,2089,"G","A",0,44,3132,0.0140485312899,"NS","NS","GTT","ATT","V","I",0,1,1,0,0,1,0,0,1,0,1,0,1,0,0,0,0,0,0,1,1,0,0,1,0,0,1,1,0,0,1,0,0,0,0,0,"1_Q20","G6361A","V2089I","Sample",1,0.0532857297592059
"24583",6146,2017,"A","G",0,41,3826,0.0107161526398,"S","S","TAA","TGA","*","*",0,0,0,0,0,0,0,0,0,0,0,0,0,0,0,0,0,1,0,0,0,0,0,0,0,0,0,0,0,0,0,0,0,0,0,1,"1_Q20","A6146G","*2017*.2","Sample",1,0.0427521250520418
"22576",5644,1850,"C","T",0,19,1838,0.0103373231774,"NS","NC","CGC","TGC","R","C",0,1,0,0,1,0,1,0,0,1,0,0,0,1,1,0,1,0,0,1,0,0,0,1,0,0,0,0,1,0,1,1,0,0,0,0,"1_Q20","C5644T","R1850C","Sample",1,0.0415105856952567
"31617",7905,0,"G","A",0,17,1876,0.0090618336887,"U","U","U","U","U","U",0,0,0,0,0,0,0,0,0,0,0,0,0,0,0,0,0,0,0,0,0,0,0,0,0,0,0,0,0,0,0,0,0,0,0,0,"1_Q20","G7905A","U0U.2000","Sample",1,0.0405326902128522
"24914",6229,2045,"T","C",0,27,3061,0.00882064684744,"NS","NS","TAT","CAT","Y","H",0,0,0,1,0,0,0,1,1,1,0,0,1,0,0,0,1,0,0,0,0,1,1,0,1,1,0,1,0,0,1,1,1,0,1,0,"1_Q20","T6229C","Y2045H","Sample",1,0.0364346226387141
"8044",2011,639,"C","T",0,10,1380,0.00724637681159,"NS","NC","CCT","TCT","P","S",0,0,0,0,0,0,0,1,1,0,1,0,1,0,0,0,1,0,0,1,0,0,0,0,0,0,0,0,0,0,1,1,0,1,1,0,"1_Q20","C2011T","P639S","Sample",1,0.0309636944557796
"8341",2086,664,"G","A",0,9,1300,0.00692307692308,"NS","NS","GTG","ATG","V","M",0,1,1,0,0,1,0,0,1,0,1,0,1,0,0,0,0,0,0,1,0,0,0,1,0,0,1,1,0,0,1,0,0,0,0,0,"1_Q20","G2086A","V664M","Sample",1,0.0298109784407684
"34065",8517,0,"G","A",0,22,3561,0.00617803987644,"U","U","U","U","U","U",0,0,0,0,0,0,0,0,0,0,0,0,0,0,0,0,0,0,0,0,0,0,0,0,0,0,0,0,0,0,0,0,0,0,0,0,"1_Q20","G8517A","U0U.4448","Sample",1,0.0289697605369285
"23060",5765,1890,"A","T",0,14,2485,0.0056338028169,"NS","NS","TAT","TTT","Y","F",0,0,0,1,0,0,0,1,1,1,0,0,1,0,0,0,1,0,0,0,0,1,0,1,0,1,1,1,0,0,1,0,0,0,0,0,"1_Q20","A5765T","Y1890F","Sample",1,0.0250994328795058
"33948",8487,0,"C","T",0,20,3906,0.00512032770097,"U","U","U","U","U","U",0,0,0,0,0,0,0,0,0,0,0,0,0,0,0,0,0,0,0,0,0,0,0,0,0,0,0,0,0,0,0,0,0,0,0,0,"1_Q20","C8487T","U0U.4331","Sample",1,0.0231657535175898
"17680",4420,1442,"C","T",0,4,859,0.0046565774156,"NS","NS","CTC","TTC","L","F",0,1,1,0,0,1,0,0,1,1,0,0,1,0,0,0,0,0,0,0,0,1,0,1,0,1,1,1,0,0,1,0,0,0,0,0,"1_Q20","C4420T","L1442F","Sample",1,0.0213872994771844
"23904",5976,1960,"C","T",0,6,1316,0.00455927051672,"S","S","GGC","GGT","G","G",0,1,1,0,0,0,0,0,1,0,0,0,1,0,0,1,1,0,0,1,1,0,0,0,0,0,1,0,0,0,1,0,0,1,1,0,"1_Q20","C5976T","G1960G.5","Sample",1,0.025492321529229
"31501",7876,0,"G","A",0,13,2877,0.00451859575947,"U","U","U","U","U","U",0,0,0,0,0,0,0,0,0,0,0,0,0,0,0,0,0,0,0,0,0,0,0,0,0,0,0,0,0,0,0,0,0,0,0,0,"1_Q20","G7876A","U0U.1884","Sample",1,0.0208518292650789
"15939",3985,1297,"A","G",0,5,1176,0.00425170068027,"NS","C","ACG","GCG","T","A",0,1,0,0,0,0,0,0,0,0,1,0,1,1,0,0,1,0,0,1,1,0,0,1,0,0,1,0,0,0,1,0,0,1,0,0,"1_Q20","A3985G","T1297A","Sample",1,0.0198073298920939
"7187",1797,567,"A","G",0,8,2043,0.00391581008321,"S","S","TAA","TAG","*","*",0,0,0,0,0,0,0,0,0,0,0,0,0,0,0,0,0,1,0,0,0,0,0,0,0,0,0,0,0,0,0,0,0,0,0,1,"1_Q20","A1797G","*567*.4","Sample",1,0.0184754580040109
"19937",4985,1630,"G","A",0,14,3589,0.00390080802452,"NS","NS","AGA","AAA","R","K",0,1,0,0,1,0,1,0,0,1,0,0,0,1,1,0,1,0,0,1,0,0,1,0,1,0,0,1,0,0,0,1,1,0,1,0,"1_Q20","G4985A","R1630K","Sample",1,0.022106224769842
"27804",6951,2285,"C","T",0,27,6964,0.0038770821367,"S","S","GAC","GAT","D","D",1,1,0,0,0,0,1,0,0,0,1,1,0,1,0,0,1,0,1,1,0,0,0,0,1,0,0,0,1,1,0,1,0,0,1,0,"1_Q20","C6951T","D2285D.3","Sample",1,0.0183205849653637
"15764",3941,1282,"A","T",0,6,1548,0.00387596899225,"NS","X","TAA","TTA","*","L",0,0,0,0,0,0,0,0,0,0,0,0,0,0,0,0,0,1,0,1,1,0,0,1,0,0,1,1,0,0,1,0,0,0,0,0,"1_Q20","A3941T","*1282L","Sample",1,0.0183161293728157
"26266",6567,2157,"T","C",0,7,1870,0.00374331550802,"S","S","ACT","ACC","T","T",0,1,0,0,0,0,0,0,0,0,1,0,1,1,0,0,1,0,0,1,0,0,0,0,0,0,0,0,1,0,1,1,0,0,1,0,"1_Q20","T6567C","T2157T.3","Sample",1,0.0177834795365172
"3732",933,279,"C","T",0,4,1107,0.00361336946703,"S","S","TGC","TGT","C","C",0,1,0,0,0,1,0,0,0,0,1,0,1,1,0,0,0,0,0,1,0,0,0,1,0,0,0,0,1,0,1,1,0,0,0,0,"1_Q20","C933T","C279C.3","Sample",1,0.0172584009168398
"36364",9091,0,"C","T",0,5,1449,0.00345065562457,"U","U","U","U","U","U",0,0,0,0,0,0,0,0,0,0,0,0,0,0,0,0,0,0,0,0,0,0,0,0,0,0,0,0,0,0,0,0,0,0,0,0,"1_Q20","C9091T","U0U.6747","Sample",1,0.0165961298062384
"18025",4507,1471,"G","A",0,7,2100,0.00333333333333,"NS","NS","GTC","ATC","V","I",0,1,1,0,0,1,0,0,1,0,1,0,1,0,0,0,0,0,0,1,1,0,0,1,0,0,1,1,0,0,1,0,0,0,0,0,"1_Q20","G4507A","V1471I","Sample",1,0.0161151776058847
"24390",6098,2001,"T","C",0,11,3400,0.00323529411765,"NS","NS","TTC","TCC","F","S",0,0,0,1,0,1,0,1,1,1,0,0,1,0,0,0,0,0,0,1,0,0,0,0,0,0,0,0,0,0,1,1,0,1,1,0,"1_Q20","T6098C","F2001S","Sample",1,0.0157109864369046
"27300",6825,2243,"C","T",0,7,2218,0.00315599639315,"S","S","TAC","TAT","Y","Y",0,0,0,1,0,0,0,1,1,1,0,0,1,0,0,0,1,0,0,0,0,1,0,0,0,1,1,1,0,0,1,0,0,0,1,0,"1_Q20","C6825T","Y2243Y.3","Sample",1,0.0153824917945433
"22280",5570,1825,"C","T",0,4,1274,0.00313971742543,"NS","NS","ACT","ATT","T","I",0,1,0,0,0,0,0,0,0,0,1,0,1,1,0,0,1,0,0,1,1,0,0,1,0,0,1,1,0,0,1,0,0,0,0,0,"1_Q20","C5570T","T1825I","Sample",1,0.0153148781816821
"33142",8286,0,"T","C",0,13,4191,0.00310188499165,"U","U","U","U","U","U",0,0,0,0,0,0,0,0,0,0,0,0,0,0,0,0,0,0,0,0,0,0,0,0,0,0,0,0,0,0,0,0,0,0,0,0,"1_Q20","T8286C","U0U.3525","Sample",1,0.0151575072263437
"20536",5134,1680,"A","T",0,6,1997,0.00300450676014,"NS","C","ACC","TCC","T","S",0,1,0,0,0,0,0,0,0,0,1,0,1,1,0,0,1,0,0,1,0,0,0,0,0,0,0,0,0,0,1,1,0,1,1,0,"1_Q20","A5134T","T1680S","Sample",1,0.0251670454622413
"12252",3063,989,"C","T",0,13,4327,0.00300439103305,"S","S","AGC","AGT","S","S",0,1,0,0,0,0,0,0,0,0,0,0,1,1,0,1,1,0,0,1,0,0,0,0,0,0,0,0,0,0,1,1,0,1,1,0,"1_Q20","C3063T","S989S.3","Sample",1,0.0147504143145933
"22975",5744,1883,"A","G",0,9,3046,0.00295469468155,"NS","NS","CAA","CGA","Q","R",0,1,0,0,0,0,0,0,0,1,0,0,1,1,0,0,1,0,0,1,0,0,1,0,1,0,0,1,0,0,0,1,1,0,1,0,"1_Q20","A5744G","Q1883R","Sample",1,0.0145420274487419
"20892",5223,1709,"C","T",0,5,1822,0.00274423710209,"S","S","TGC","TGT","C","C",0,1,0,0,0,1,0,0,0,0,1,0,1,1,0,0,0,0,0,1,0,0,0,1,0,0,0,0,1,0,1,1,0,0,0,0,"1_Q20","C5223T","C1709C.3","Sample",1,0.0136527069537627
"13646",3412,1106,"T","C",0,9,3319,0.0027116601386,"NS","X","TAA","CAA","*","Q",0,0,0,0,0,0,0,0,0,0,0,0,0,0,0,0,0,1,0,1,0,0,0,0,0,0,0,1,0,0,1,1,0,0,1,0,"1_Q20","T3412C","*1106Q","Sample",1,0.0135140262434222
"28628",7157,2354,"C","T",0,17,6493,0.00261820421993,"NS","NS","TCT","TTT","S","F",0,1,0,0,0,0,0,0,0,0,0,0,1,1,0,1,1,0,0,0,0,1,0,1,0,1,1,1,0,0,1,0,0,0,0,0,"1_Q20","C7157T","S2354F","Sample",1,0.0131145998719996
"1645",412,106,"C","A",0,6,2297,0.00261210274271,"NS","C","CTT","ATT","L","I",0,1,1,0,0,1,0,0,1,1,0,0,1,0,0,0,0,0,0,1,1,0,0,1,0,0,1,1,0,0,1,0,0,0,0,0,"1_Q20","C412A","L106I","Sample",1,0.013088439449228
"22773",5694,1866,"C","A",0,7,2709,0.00258397932817,"NS","C","GAC","GAA","D","E",1,1,0,0,0,0,1,0,0,0,1,1,0,1,0,0,1,0,1,1,0,0,0,0,1,0,0,1,0,1,0,1,0,0,1,0,"1_Q20","C5694A","D1866E","Sample",1,0.02267540622056
"27933",6984,2296,"G","A",0,10,4090,0.00244498777506,"S","S","ACG","ACA","T","T",0,1,0,0,0,0,0,0,0,0,1,0,1,1,0,0,1,0,0,1,0,0,0,0,0,0,0,0,1,0,1,1,0,0,1,0,"1_Q20","G6984A","T2296T.2","Sample",1,0.0140104818032383
"5655",1414,440,"A","G",0,5,2065,0.00242130750605,"NS","NS","AAA","GAA","K","E",0,1,0,0,1,0,1,0,0,1,0,0,0,1,1,0,1,0,1,1,0,0,0,0,1,0,0,1,0,1,0,1,0,0,1,0,"1_Q20","A1414G","K440E","Sample",1,0.0223858627860793
"13040",3260,1055,"G","T",0,5,2118,0.00236071765817,"NS","NS","TGC","TTC","C","F",0,1,0,0,0,1,0,0,0,0,1,0,1,1,0,0,0,0,0,0,0,1,0,1,0,1,1,1,0,0,1,0,0,0,0,0,"1_Q20","G3260T","C1055F","Sample",1,0.0120013569175643
"17060",4265,1390,"G","T",0,4,1734,0.00230680507497,"NS","NS","TGT","TTT","C","F",0,1,0,0,0,1,0,0,0,0,1,0,1,1,0,0,0,0,0,0,0,1,0,1,0,1,1,1,0,0,1,0,0,0,0,0,"1_Q20","G4265T","C1390F","Sample",1,0.0182239059885203
"31448",7862,0,"C","T",0,7,3092,0.0022639068564,"U","U","U","U","U","U",0,0,0,0,0,0,0,0,0,0,0,0,0,0,0,0,0,0,0,0,0,0,0,0,0,0,0,0,0,0,0,0,0,0,0,0,"1_Q20","C7862T","U0U.1831","Sample",1,0.0115776541037772
"16532",4133,1346,"G","T",0,6,2681,0.00223797090638,"NS","NC","AGT","ATT","S","I",0,1,0,0,0,0,0,0,0,0,0,0,1,1,0,1,1,0,0,1,1,0,0,1,0,0,1,1,0,0,1,0,0,0,0,0,"1_Q20","G4133T","S1346I","Sample",1,0.0138559834806591
"26024",6506,2137,"C","T",0,7,3133,0.00223428024258,"NS","NS","GCT","GTT","A","V",0,1,1,0,0,1,0,0,1,0,0,0,1,0,0,1,0,0,0,1,1,0,0,1,0,0,1,0,1,0,1,0,0,0,0,0,"1_Q20","C6506T","A2137V","Sample",1,0.0114473976944075
"34232",8558,0,"C","T",0,4,1897,0.0021085925145,"U","U","U","U","U","U",0,0,0,0,0,0,0,0,0,0,0,0,0,0,0,0,0,0,0,0,0,0,0,0,0,0,0,0,0,0,0,0,0,0,0,0,"1_Q20","C8558T","U0U.4615","Sample",1,0.0108915939969572
"30762",7691,0,"T","C",0,9,4271,0.00210723483962,"U","U","U","U","U","U",0,0,0,0,0,0,0,0,0,0,0,0,0,0,0,0,0,0,0,0,0,0,0,0,0,0,0,0,0,0,0,0,0,0,0,0,"1_Q20","T7691C","U0U.1145","Sample",1,0.0108855612200568
"33508",8377,0,"A","T",0,10,4807,0.00208029956314,"U","U","U","U","U","U",0,0,0,0,0,0,0,0,0,0,0,0,0,0,0,0,0,0,0,0,0,0,0,0,0,0,0,0,0,0,0,0,0,0,0,0,"1_Q20","A8377T","U0U.3891","Sample",1,0.0203190507089094
"25308",6327,2077,"G","T",0,6,2900,0.00206896551724,"NS","C","GAG","GAT","E","D",1,1,0,0,0,0,1,0,0,1,0,1,0,1,0,0,1,0,1,1,0,0,0,0,1,0,0,0,1,1,0,1,0,0,1,0,"1_Q20","G6327T","E2077D.1","Sample",1,0.0129465090468969
"20535",5134,1680,"A","G",0,4,1997,0.00200300450676,"NS","C","ACC","GCC","T","A",0,1,0,0,0,0,0,0,0,0,1,0,1,1,0,0,1,0,0,1,1,0,0,1,0,0,1,0,0,0,1,0,0,1,0,0,"1_Q20","A5134G","T1680A","Sample",1,0.0251670454622413
"15164",3791,1232,"G","T",0,4,2014,0.00198609731877,"NS","NS","GGC","GTC","G","V",0,1,1,0,0,0,0,0,1,0,0,0,1,0,0,1,1,0,0,1,1,0,0,1,0,0,1,0,1,0,1,0,0,0,0,0,"1_Q20","G3791T","G1232V","Sample",1,0.0103446965174825
"5656",1414,440,"A","T",0,4,2065,0.00193704600484,"NS","X","AAA","TAA","K","*",0,1,0,0,1,0,1,0,0,1,0,0,0,1,1,0,1,0,0,0,0,0,0,0,0,0,0,0,0,0,0,0,0,0,0,1,"1_Q20","A1414T","K440*","Sample",1,0.0223858627860793
"17316",4329,1411,"C","T",0,6,3151,0.00190415741035,"S","S","TGC","TGT","C","C",0,1,0,0,0,1,0,0,0,0,1,0,1,1,0,0,0,0,0,1,0,0,0,1,0,0,0,0,1,0,1,1,0,0,0,0,"1_Q20","C4329T","C1411C.3","Sample",1,0.00997583511326897
"10766",2692,866,"T","C",0,6,3177,0.00188857412653,"NS","X","TGA","CGA","*","R",0,0,0,0,0,0,0,0,0,0,0,0,0,0,0,0,0,1,0,1,0,0,1,0,1,0,0,1,0,0,0,1,1,0,1,0,"1_Q20","T2692C","*866R.1","Sample",1,0.0119628741148221
"16224",4056,1320,"G","T",0,4,2124,0.00188323917137,"S","S","GGG","GGT","G","G",0,1,1,0,0,0,0,0,1,0,0,0,1,0,0,1,1,0,0,1,1,0,0,0,0,0,1,0,0,0,1,0,0,1,1,0,"1_Q20","G4056T","G1320G.5","Sample",1,0.00988126531846326
"9400",2350,752,"C","T",0,6,3205,0.001872074883,"NS","NC","CCC","TCC","P","S",0,0,0,0,0,0,0,1,1,0,1,0,1,0,0,0,1,0,0,1,0,0,0,0,0,0,0,0,0,0,1,1,0,1,1,0,"1_Q20","C2350T","P752S","Sample",1,0.00983072379558409
"1732",433,113,"G","T",0,5,2678,0.00186706497386,"NS","C","GGC","TGC","G","C",0,1,1,0,0,0,0,0,1,0,0,0,1,0,0,1,1,0,0,1,0,0,0,1,0,0,0,0,1,0,1,1,0,0,0,0,"1_Q20","G433T","G113C","Sample",1,0.00980802795898414
"32553",8139,0,"G","A",0,8,4312,0.00185528756957,"U","U","U","U","U","U",0,0,0,0,0,0,0,0,0,0,0,0,0,0,0,0,0,0,0,0,0,0,0,0,0,0,0,0,0,0,0,0,0,0,0,0,"1_Q20","G8139A","U0U.2936","Sample",1,0.00975463577749229
"22776",5694,1866,"C","T",0,5,2709,0.00184569952012,"S","S","GAC","GAT","D","D",1,1,0,0,0,0,1,0,0,0,1,1,0,1,0,0,1,0,1,1,0,0,0,0,1,0,0,0,1,1,0,1,0,0,1,0,"1_Q20","C5694T","D1866D.3","Sample",1,0.02267540622056
"33874",8469,0,"T","C",0,7,3808,0.00183823529412,"U","U","U","U","U","U",0,0,0,0,0,0,0,0,0,0,0,0,0,0,0,0,0,0,0,0,0,0,0,0,0,0,0,0,0,0,0,0,0,0,0,0,"1_Q20","T8469C","U0U.4257","Sample",1,0.00967723443236794
"23428",5857,1921,"C","T",0,11,6006,0.0018315018315,"S","S","CTG","TTG","L","L",0,1,1,0,0,1,0,0,1,1,0,0,1,0,0,0,0,0,0,1,1,0,0,1,0,0,1,1,0,0,1,0,0,0,0,0,"1_Q20","C5857T","L1921L.1","Sample",1,0.0118098092975893
"7208",1802,569,"G","T",0,4,2242,0.00178412132025,"NS","NS","TGC","TTC","C","F",0,1,0,0,0,1,0,0,0,0,1,0,1,1,0,0,0,0,0,0,0,1,0,1,0,1,1,1,0,0,1,0,0,0,0,0,"1_Q20","G1802T","C569F","Sample",1,0.00943084555410281
"4634",1159,355,"T","C",0,5,2820,0.00177304964539,"NS","X","TGA","CGA","*","R",0,0,0,0,0,0,0,0,0,0,0,0,0,0,0,0,0,1,0,1,0,0,1,0,1,0,0,1,0,0,0,1,1,0,1,0,"1_Q20","T1159C","*355R.1","Sample",1,0.00938028958488501
"17222",4306,1404,"T","C",0,4,2279,0.00175515577007,"NS","NS","TAT","CAT","Y","H",0,0,0,1,0,0,0,1,1,1,0,0,1,0,0,0,1,0,0,0,0,1,1,0,1,1,0,1,0,0,1,1,1,0,1,0,"1_Q20","T4306C","Y1404H","Sample",1,0.00929847602590596
"6356",1589,498,"G","T",0,6,3428,0.00175029171529,"NS","NS","GGG","GTG","G","V",0,1,1,0,0,0,0,0,1,0,0,0,1,0,0,1,1,0,0,1,1,0,0,1,0,0,1,0,1,0,1,0,0,0,0,0,"1_Q20","G1589T","G498V","Sample",1,0.00927621408555277
"17214",4304,1403,"G","C",0,4,2290,0.00174672489083,"NS","NS","TGG","TCG","W","S",0,0,0,1,0,1,0,1,1,1,0,0,1,0,0,0,0,0,0,1,0,0,0,0,0,0,0,0,0,0,1,1,0,1,1,0,"1_Q20","G4304C","W1403S","Sample",1,0.0147623606256176
"11322",2831,912,"G","C",0,4,2304,0.00173611111111,"NS","NS","GGT","GCT","G","A",0,1,1,0,0,0,0,0,1,0,0,0,1,0,0,1,1,0,0,1,1,0,0,1,0,0,1,0,0,0,1,0,0,1,0,0,"1_Q20","G2831C","G912A","Sample",1,0.0142500953564061
"14092",3523,1143,"G","T",0,4,2327,0.00171895143962,"NS","C","GGT","TGT","G","C",0,1,1,0,0,0,0,0,1,0,0,0,1,0,0,1,1,0,0,1,0,0,0,1,0,0,0,0,1,0,1,1,0,0,0,0,"1_Q20","G3523T","G1143C","Sample",1,0.0162480793879318
"32357",8090,0,"G","A",0,11,6401,0.00171848148727,"U","U","U","U","U","U",0,0,0,0,0,0,0,0,0,0,0,0,0,0,0,0,0,0,0,0,0,0,0,0,0,0,0,0,0,0,0,0,0,0,0,0,"1_Q20","G8090A","U0U.2740","Sample",1,0.01023053693727
"16768",4192,1366,"C","T",0,4,2363,0.00169276343631,"NS","X","CGA","TGA","R","*",0,1,0,0,1,0,1,0,0,1,0,0,0,1,1,0,1,0,0,0,0,0,0,0,0,0,0,0,0,0,0,0,0,0,0,1,"1_Q20","C4192T","R1366*","Sample",1,0.00901216859464828
"33384",8346,0,"C","T",0,9,5340,0.00168539325843,"U","U","U","U","U","U",0,0,0,0,0,0,0,0,0,0,0,0,0,0,0,0,0,0,0,0,0,0,0,0,0,0,0,0,0,0,0,0,0,0,0,0,"1_Q20","C8346T","U0U.3767","Sample",1,0.00897823957431698
"21716",5429,1778,"C","T",0,4,2378,0.00168208578638,"NS","NS","TCA","TTA","S","L",0,1,0,0,0,0,0,0,0,0,0,0,1,1,0,1,1,0,0,1,1,0,0,1,0,0,1,1,0,0,1,0,0,0,0,0,"1_Q20","C5429T","S1778L","Sample",1,0.0116239594890519
"14412",3603,1169,"C","T",0,7,4213,0.00166152385474,"S","S","AGC","AGT","S","S",0,1,0,0,0,0,0,0,0,0,0,0,1,1,0,1,1,0,0,1,0,0,0,0,0,0,0,0,0,0,1,1,0,1,1,0,"1_Q20","C3603T","S1169S.3","Sample",1,0.00886819509049497
"32734",8184,0,"T","C",0,10,6029,0.00165864985901,"U","U","U","U","U","U",0,0,0,0,0,0,0,0,0,0,0,0,0,0,0,0,0,0,0,0,0,0,0,0,0,0,0,0,0,0,0,0,0,0,0,0,"1_Q20","T8184C","U0U.3117","Sample",1,0.0149905814684748
"30229",7558,0,"C","A",0,6,3702,0.00162074554295,"U","U","U","U","U","U",0,0,0,0,0,0,0,0,0,0,0,0,0,0,0,0,0,0,0,0,0,0,0,0,0,0,0,0,0,0,0,0,0,0,0,0,"1_Q20","C7558A","U0U.612","Sample",1,0.0104751702725157
"24896",6224,2043,"C","T",0,5,3115,0.0016051364366,"NS","NS","GCT","GTT","A","V",0,1,1,0,0,1,0,0,1,0,0,0,1,0,0,1,0,0,0,1,1,0,0,1,0,0,1,0,1,0,1,0,0,0,0,0,"1_Q20","C6224T","A2043V","Sample",1,0.00860724310812068
"5571",1393,433,"A","G",0,5,3160,0.00158227848101,"NS","C","AAC","GAC","N","D",0,1,0,0,0,0,0,0,0,0,1,0,1,1,0,0,1,0,1,1,0,0,0,0,1,0,0,0,1,1,0,1,0,0,1,0,"1_Q20","A1393G","N433D","Sample",1,0.00850105523254797
"25712",6428,2111,"C","T",0,6,3822,0.00156985871272,"NS","NS","ACT","ATT","T","I",0,1,0,0,0,0,0,0,0,0,1,0,1,1,0,0,1,0,0,1,1,0,0,1,0,0,1,1,0,0,1,0,0,0,0,0,"1_Q20","C6428T","T2111I","Sample",1,0.00844325870990058
"19548",4887,1597,"C","T",0,5,3186,0.00156936597615,"S","S","TGC","TGT","C","C",0,1,0,0,0,1,0,0,0,0,1,0,1,1,0,0,0,0,0,1,0,0,0,1,0,0,0,0,1,0,1,1,0,0,0,0,"1_Q20","C4887T","C1597C.3","Sample",1,0.0104933391618233
"35509",8878,0,"G","A",0,6,3888,0.00154320987654,"U","U","U","U","U","U",0,0,0,0,0,0,0,0,0,0,0,0,0,0,0,0,0,0,0,0,0,0,0,0,0,0,0,0,0,0,0,0,0,0,0,0,"1_Q20","G8878A","U0U.5892","Sample",1,0.00831900561734911
"12216",3054,986,"C","T",0,8,5202,0.00153787004998,"S","S","GAC","GAT","D","D",1,1,0,0,0,0,1,0,0,0,1,1,0,1,0,0,1,0,1,1,0,0,0,0,1,0,0,0,1,1,0,1,0,0,1,0,"1_Q20","C3054T","D986D.3","Sample",1,0.00829406829448211
"29160",7290,2398,"C","T",0,4,2607,0.00153433064825,"S","S","CCC","CCT","P","P",0,0,0,0,0,0,0,1,1,0,1,0,1,0,0,0,1,0,0,0,0,0,0,0,0,1,1,0,1,0,1,0,0,0,1,0,"1_Q20","C7290T","P2398P.5","Sample",1,0.00827753168877855
"19784",4946,1617,"G","T",0,5,3266,0.00153092467851,"NS","NS","TGC","TTC","C","F",0,1,0,0,0,1,0,0,0,0,1,0,1,1,0,0,0,0,0,0,0,1,0,1,0,1,1,1,0,0,1,0,0,0,0,0,"1_Q20","G4946T","C1617F","Sample",1,0.00826161292778831
"33435",8359,0,"A","G",0,9,5879,0.00153087259738,"U","U","U","U","U","U",0,0,0,0,0,0,0,0,0,0,0,0,0,0,0,0,0,0,0,0,0,0,0,0,0,0,0,0,0,0,0,0,0,0,0,0,"1_Q20","A8359G","U0U.3818","Sample",1,0.00826136946948471
"13872",3468,1124,"C","T",0,5,3289,0.00152021891152,"S","S","GTC","GTT","V","V",0,1,1,0,0,1,0,0,1,0,1,0,1,0,0,0,0,0,0,1,1,0,0,1,0,0,1,0,1,0,1,0,0,0,0,0,"1_Q20","C3468T","V1124V.5","Sample",1,0.00821154080007451
"10797",2700,868,"G","A",0,5,3299,0.00151561079115,"S","S","AGG","AGA","R","R",0,1,0,0,1,0,1,0,0,1,0,0,0,1,1,0,1,0,0,1,0,0,1,0,1,0,0,1,0,0,0,1,1,0,1,0,"1_Q20","G2700A","R868R.3","Sample",1,0.0138557773593569
"1677",420,108,"T","A",0,4,2659,0.00150432493419,"NS","C","GAT","GAA","D","E",1,1,0,0,0,0,1,0,0,0,1,1,0,1,0,0,1,0,1,1,0,0,0,0,1,0,0,1,0,1,0,1,0,0,1,0,"1_Q20","T420A","D108E","Sample",1,0.00813710223177194
"29264",7316,2407,"C","T",0,4,2669,0.00149868864743,"NS","NS","TCG","TTG","S","L",0,1,0,0,0,0,0,0,0,0,0,0,1,1,0,1,1,0,0,1,1,0,0,1,0,0,1,1,0,0,1,0,0,0,0,0,"1_Q20","C7316T","S2407L","Sample",1,0.00811067591998579
"17440",4360,1422,"G","T",0,4,2672,0.00149700598802,"NS","C","GCA","TCA","A","S",0,1,1,0,0,1,0,0,1,0,0,0,1,0,0,1,0,0,0,1,0,0,0,0,0,0,0,0,0,0,1,1,0,1,1,0,"1_Q20","G4360T","A1422S","Sample",1,0.00810278363214722
"27516",6879,2261,"C","T",0,4,2676,0.00149476831091,"S","S","AGC","AGT","S","S",0,1,0,0,0,0,0,0,0,0,0,0,1,1,0,1,1,0,0,1,0,0,0,0,0,0,0,0,0,0,1,1,0,1,1,0,"1_Q20","C6879T","S2261S.3","Sample",1,0.00809228599138299
"15396",3849,1251,"C","T",0,4,2694,0.0014847809948,"S","S","GTC","GTT","V","V",0,1,1,0,0,1,0,0,1,0,1,0,1,0,0,0,0,0,0,1,1,0,0,1,0,0,1,0,1,0,1,0,0,0,0,0,"1_Q20","C3849T","V1251V.5","Sample",1,0.00804540282314795
"756",189,31,"G","T",0,4,2732,0.00146412884334,"NS","C","AGG","AGT","R","S",0,1,0,0,1,0,1,0,0,1,0,0,0,1,1,0,1,0,0,1,0,0,0,0,0,0,0,0,0,0,1,1,0,1,1,0,"1_Q20","G189T","R31S.1","Sample",1,0.00794830171862825
"3452",863,256,"G","T",0,5,3416,0.00146370023419,"NS","NS","GGA","GTA","G","V",0,1,1,0,0,0,0,0,1,0,0,0,1,0,0,1,1,0,0,1,1,0,0,1,0,0,1,0,1,0,1,0,0,0,0,0,"1_Q20","G863T","G256V","Sample",1,0.0144906799819827
"10888",2722,876,"C","T",0,4,2742,0.00145878920496,"NS","NS","CTT","TTT","L","F",0,1,1,0,0,1,0,0,1,1,0,0,1,0,0,0,0,0,0,0,0,1,0,1,0,1,1,1,0,0,1,0,0,0,0,0,"1_Q20","C2722T","L876F","Sample",1,0.00792316199170467
"3448",862,256,"G","T",0,5,3450,0.00144927536232,"NS","X","GGA","TGA","G","*",0,1,1,0,0,0,0,0,1,0,0,0,1,0,0,1,1,0,0,0,0,0,0,0,0,0,0,0,0,0,0,0,0,0,0,1,"1_Q20","G862T","G256*","Sample",1,0.00979033075048055
"29856",7464,2456,"C","T",0,6,4157,0.00144334856868,"S","S","TCC","TCT","S","S",0,1,0,0,0,0,0,0,0,0,0,0,1,1,0,1,1,0,0,1,0,0,0,0,0,0,0,0,0,0,1,1,0,1,1,0,"1_Q20","C7464T","S2456S.5","Sample",1,0.00785038579427634
"20352",5088,1664,"C","T",0,5,3473,0.00143967751224,"S","S","TTC","TTT","F","F",0,0,0,1,0,1,0,1,1,1,0,0,1,0,0,0,0,0,0,0,0,1,0,1,0,1,1,1,0,0,1,0,0,0,0,0,"1_Q20","C5088T","F1664F.3","Sample",1,0.00783306553041236
"6420",1605,503,"C","T",0,4,2786,0.00143575017947,"S","S","TAC","TAT","Y","Y",0,0,0,1,0,0,0,1,1,1,0,0,1,0,0,0,1,0,0,0,0,1,0,0,0,1,1,1,0,0,1,0,0,0,1,0,"1_Q20","C1605T","Y503Y.3","Sample",1,0.00781452865229385
"29932",7483,2463,"C","T",0,6,4183,0.00143437724121,"NS","NC","CGT","TGT","R","C",0,1,0,0,1,0,1,0,0,1,0,0,0,1,1,0,1,0,0,1,0,0,0,1,0,0,0,0,1,0,1,1,0,0,0,0,"1_Q20","C7483T","R2463C","Sample",1,0.00780804660048848
"2716",679,195,"C","T",0,4,2818,0.0014194464159,"NS","X","CAG","TAG","Q","*",0,1,0,0,0,0,0,0,0,1,0,0,1,1,0,0,1,0,0,0,0,0,0,0,0,0,0,0,0,0,0,0,0,0,0,1,"1_Q20","C679T","Q195*","Sample",1,0.00773749222018322
"25292",6323,2076,"C","T",0,4,2841,0.00140795494544,"NS","NS","TCC","TTC","S","F",0,1,0,0,0,0,0,0,0,0,0,0,1,1,0,1,1,0,0,0,0,1,0,1,0,1,1,1,0,0,1,0,0,0,0,0,"1_Q20","C6323T","S2076F","Sample",1,0.00768311302730206
"13486",3372,1092,"G","C",0,4,2850,0.00140350877193,"NS","X","TAG","TAC","*","Y",0,0,0,0,0,0,0,0,0,0,0,0,0,0,0,0,0,1,0,0,0,1,0,0,0,1,1,1,0,0,1,0,0,0,1,0,"1_Q20","G3372C","*1092Y","Sample",1,0.00992822366854522
"29284",7321,2409,"C","T",0,4,2853,0.00140203294777,"S","S","CTG","TTG","L","L",0,1,1,0,0,1,0,0,1,1,0,0,1,0,0,0,0,0,0,1,1,0,0,1,0,0,1,1,0,0,1,0,0,0,0,0,"1_Q20","C7321T","L2409L.1","Sample",1,0.00765506291377397
"25876",6469,2125,"C","T",0,4,2862,0.00139762403913,"NS","NC","CGT","TGT","R","C",0,1,0,0,1,0,1,0,0,1,0,0,0,1,1,0,1,0,0,1,0,0,0,1,0,0,0,0,1,0,1,1,0,0,0,0,"1_Q20","C6469T","R2125C","Sample",1,0.00763416796294191
"17380",4345,1417,"C","T",0,4,2863,0.00139713587146,"NS","NC","CGC","TGC","R","C",0,1,0,0,1,0,1,0,0,1,0,0,0,1,1,0,1,0,0,1,0,0,0,1,0,0,0,0,1,0,1,1,0,0,0,0,"1_Q20","C4345T","R1417C","Sample",1,0.00763185379371953
"10872",2718,874,"C","T",0,4,2885,0.00138648180243,"S","S","ATC","ATT","I","I",0,1,1,0,0,1,0,0,1,1,0,0,1,0,0,0,0,0,0,1,1,0,0,1,0,0,1,1,0,0,1,0,0,0,0,0,"1_Q20","C2718T","I874I.4","Sample",1,0.0075813171900643
"2428",607,171,"C","T",0,4,2895,0.0013816925734,"NS","NC","CCT","TCT","P","S",0,0,0,0,0,0,0,1,1,0,1,0,1,0,0,0,1,0,0,1,0,0,0,0,0,0,0,0,0,0,1,1,0,1,1,0,"1_Q20","C607T","P171S","Sample",1,0.00755858067972431
"18952",4738,1548,"C","T",0,4,2900,0.00137931034483,"NS","NC","CCA","TCA","P","S",0,0,0,0,0,0,0,1,1,0,1,0,1,0,0,0,1,0,0,1,0,0,0,0,0,0,0,0,0,0,1,1,0,1,1,0,"1_Q20","C4738T","P1548S","Sample",1,0.00977869638601838
"4016",1004,303,"C","T",0,4,2926,0.00136705399863,"NS","NS","TCA","TTA","S","L",0,1,0,0,0,0,0,0,0,0,0,0,1,1,0,1,1,0,0,1,1,0,0,1,0,0,1,1,0,0,1,0,0,0,0,0,"1_Q20","C1004T","S303L","Sample",1,0.0074890106113107
"21952",5488,1798,"C","T",0,4,2927,0.00136658694909,"NS","NS","CAC","TAC","H","Y",0,0,0,1,1,0,1,1,0,1,0,0,1,1,1,0,1,0,0,0,0,1,0,0,0,1,1,1,0,0,1,0,0,0,1,0,"1_Q20","C5488T","H1798Y","Sample",1,0.00748678909315353
"29298",7325,2410,"G","C",0,4,3050,0.00131147540984,"NS","C","CGT","CCT","R","P",0,1,0,0,1,0,1,0,0,1,0,0,0,1,1,0,1,0,0,0,0,0,0,0,0,1,1,0,1,0,1,0,0,0,1,0,"1_Q20","G7325C","R2410P","Sample",1,0.00722383090154452
"19472",4868,1591,"G","T",0,5,3851,0.00129836406128,"NS","NS","TGC","TTC","C","F",0,1,0,0,0,1,0,0,0,0,1,0,1,1,0,0,0,0,0,0,0,1,0,1,0,1,1,1,0,0,1,0,0,0,0,0,"1_Q20","G4868T","C1591F","Sample",1,0.0103683670082391
"24892",6223,2043,"G","T",0,4,3102,0.00128949065119,"NS","C","GCT","TCT","A","S",0,1,1,0,0,1,0,0,1,0,0,0,1,0,0,1,0,0,0,1,0,0,0,0,0,0,0,0,0,0,1,1,0,1,1,0,"1_Q20","G6223T","A2043S","Sample",1,0.00711847030365418
"34812",8703,0,"G","T",0,5,3887,0.00128633907898,"U","U","U","U","U","U",0,0,0,0,0,0,0,0,0,0,0,0,0,0,0,0,0,0,0,0,0,0,0,0,0,0,0,0,0,0,0,0,0,0,0,0,"1_Q20","G8703T","U0U.5195","Sample",1,0.00882254872944414
"7564",1891,599,"G","T",0,7,5511,0.00127018689893,"NS","C","GGC","TGC","G","C",0,1,1,0,0,0,0,0,1,0,0,0,1,0,0,1,1,0,0,1,0,0,0,1,0,0,0,0,1,0,1,1,0,0,0,0,"1_Q20","G1891T","G599C","Sample",1,0.0122636122587216
"33166",8292,0,"T","C",0,5,3940,0.00126903553299,"U","U","U","U","U","U",0,0,0,0,0,0,0,0,0,0,0,0,0,0,0,0,0,0,0,0,0,0,0,0,0,0,0,0,0,0,0,0,0,0,0,0,"1_Q20","T8292C","U0U.3549","Sample",1,0.00702019737134057
"33398",8350,0,"T","C",0,7,5541,0.00126330987186,"U","U","U","U","U","U",0,0,0,0,0,0,0,0,0,0,0,0,0,0,0,0,0,0,0,0,0,0,0,0,0,0,0,0,0,0,0,0,0,0,0,0,"1_Q20","T8350C","U0U.3781","Sample",1,0.00699264696875332
"30908",7727,0,"C","T",0,4,3188,0.00125470514429,"U","U","U","U","U","U",0,0,0,0,0,0,0,0,0,0,0,0,0,0,0,0,0,0,0,0,0,0,0,0,0,0,0,0,0,0,0,0,0,0,0,0,"1_Q20","C7727T","U0U.1291","Sample",1,0.00695120796591059
"33506",8377,0,"A","C",0,6,4807,0.00124817973788,"U","U","U","U","U","U",0,0,0,0,0,0,0,0,0,0,0,0,0,0,0,0,0,0,0,0,0,0,0,0,0,0,0,0,0,0,0,0,0,0,0,0,"1_Q20","A8377C","U0U.3889","Sample",1,0.0203190507089094
"26920",6730,2212,"C","T",0,4,3281,0.00121914050594,"NS","X","CAA","TAA","Q","*",0,1,0,0,0,0,0,0,0,1,0,0,1,1,0,0,1,0,0,0,0,0,0,0,0,0,0,0,0,0,0,0,0,0,0,1,"1_Q20","C6730T","Q2212*","Sample",1,0.00677947890144947
"33092",8273,0,"C","T",0,5,4134,0.00120948234156,"U","U","U","U","U","U",0,0,0,0,0,0,0,0,0,0,0,0,0,0,0,0,0,0,0,0,0,0,0,0,0,0,0,0,0,0,0,0,0,0,0,0,"1_Q20","C8273T","U0U.3475","Sample",1,0.00835996384605346
"19208",4802,1569,"C","T",0,5,4225,0.00118343195266,"NS","NS","TCG","TTG","S","L",0,1,0,0,0,0,0,0,0,0,0,0,1,1,0,1,1,0,0,1,1,0,0,1,0,0,1,1,0,0,1,0,0,0,0,0,"1_Q20","C4802T","S1569L","Sample",1,0.00660630092864061
"3450",863,256,"G","C",0,4,3416,0.00117096018735,"NS","NS","GGA","GCA","G","A",0,1,1,0,0,0,0,0,1,0,0,0,1,0,0,1,1,0,0,1,1,0,0,1,0,0,1,0,0,0,1,0,0,1,0,0,"1_Q20","G863C","G256A","Sample",1,0.0144906799819827
"3242",811,239,"T","C",0,4,3436,0.0011641443539,"NS","X","TAA","CAA","*","Q",0,0,0,0,0,0,0,0,0,0,0,0,0,0,0,0,0,1,0,1,0,0,0,0,0,0,0,1,0,0,1,1,0,0,1,0,"1_Q20","T811C","*239Q","Sample",1,0.00651243846526779
"26752",6688,2198,"C","T",0,6,5241,0.0011448196909,"NS","X","CAG","TAG","Q","*",0,1,0,0,0,0,0,0,0,1,0,0,1,1,0,0,1,0,0,0,0,0,0,0,0,0,0,0,0,0,0,0,0,0,0,1,"1_Q20","C6688T","Q2198*","Sample",1,0.00641816417037445
"27728",6932,2279,"C","T",0,8,7010,0.00114122681883,"NS","NS","GCT","GTT","A","V",0,1,1,0,0,1,0,0,1,0,0,0,1,0,0,1,0,0,0,1,1,0,0,1,0,0,1,0,1,0,1,0,0,0,0,0,"1_Q20","C6932T","A2279V","Sample",1,0.00640061069061991
"27652",6913,2273,"G","T",0,7,6162,0.00113599480688,"NS","NS","GTT","TTT","V","F",0,1,1,0,0,1,0,0,1,0,1,0,1,0,0,0,0,0,0,0,0,1,0,1,0,1,1,1,0,0,1,0,0,0,0,0,"1_Q20","G6913T","V2273F","Sample",1,0.0075134732454921
"12172",3043,983,"C","T",0,7,6192,0.00113049095607,"NS","X","CGA","TGA","R","*",0,1,0,0,1,0,1,0,0,1,0,0,0,1,1,0,1,0,0,0,0,0,0,0,0,0,0,0,0,0,0,0,0,0,0,1,"1_Q20","C3043T","R983*","Sample",1,0.00634811035486129
"34996",8749,0,"C","T",0,4,3550,0.00112676056338,"U","U","U","U","U","U",0,0,0,0,0,0,0,0,0,0,0,0,0,0,0,0,0,0,0,0,0,0,0,0,0,0,0,0,0,0,0,0,0,0,0,0,"1_Q20","C8749T","U0U.5379","Sample",1,0.00819386048621265
"4336",1084,330,"C","T",0,5,4449,0.00112384805574,"NS","NC","CCC","TCC","P","S",0,0,0,0,0,0,0,1,1,0,1,0,1,0,0,0,1,0,0,1,0,0,0,0,0,0,0,0,0,0,1,1,0,1,1,0,"1_Q20","C1084T","P330S","Sample",1,0.00631558852568141
"3261",816,240,"G","A",0,4,3585,0.00111576011158,"S","S","AAG","AAA","K","K",0,1,0,0,1,0,1,0,0,1,0,0,0,1,1,0,1,0,0,1,0,0,1,0,1,0,0,1,0,0,0,1,1,0,1,0,"1_Q20","G816A","K240K.2","Sample",1,0.00627595386007312
"24504",6126,2010,"G","T",0,4,3610,0.001108033241,"NS","C","AAG","AAT","K","N",0,1,0,0,1,0,1,0,0,1,0,0,0,1,1,0,1,0,0,1,0,0,0,0,0,0,0,0,1,0,1,1,0,0,1,0,"1_Q20","G6126T","K2010N.1","Sample",1,0.00623804908047662
"3412",853,253,"G","T",0,4,3627,0.00110283981252,"NS","NS","GAT","TAT","D","Y",1,1,0,0,0,0,1,0,0,0,1,1,0,1,0,0,1,0,0,0,0,1,0,0,0,1,1,1,0,0,1,0,0,0,1,0,"1_Q20","G853T","D253Y","Sample",1,0.00959420632712509
"32112",8028,0,"C","T",0,5,4590,0.00108932461874,"U","U","U","U","U","U",0,0,0,0,0,0,0,0,0,0,0,0,0,0,0,0,0,0,0,0,0,0,0,0,0,0,0,0,0,0,0,0,0,0,0,0,"1_Q20","C8028T","U0U.2495","Sample",1,0.00614611073922156
"4104",1026,310,"C","T",0,4,3700,0.00108108108108,"S","S","TCC","TCT","S","S",0,1,0,0,0,0,0,0,0,0,0,0,1,1,0,1,1,0,0,1,0,0,0,0,0,0,0,0,0,0,1,1,0,1,1,0,"1_Q20","C1026T","S310S.5","Sample",1,0.00610552674592525
"9357",2340,748,"C","A",0,4,3712,0.0010775862069,"NS","C","AAC","AAA","N","K",0,1,0,0,0,0,0,0,0,0,1,0,1,1,0,0,1,0,0,1,0,0,1,0,1,0,0,1,0,0,0,1,1,0,1,0,"1_Q20","C2340A","N748K","Sample",1,0.00787964975537949
"30944",7736,0,"C","T",0,4,3721,0.00107497984413,"U","U","U","U","U","U",0,0,0,0,0,0,0,0,0,0,0,0,0,0,0,0,0,0,0,0,0,0,0,0,0,0,0,0,0,0,0,0,0,0,0,0,"1_Q20","C7736T","U0U.1327","Sample",1,0.00607546036224757
"7408",1852,586,"G","T",0,6,5611,0.00106932810551,"NS","C","GCA","TCA","A","S",0,1,1,0,0,1,0,0,1,0,0,0,1,0,0,1,0,0,0,1,0,0,0,0,0,0,0,0,0,0,1,1,0,1,1,0,"1_Q20","G1852T","A586S","Sample",1,0.00728578538816528
"29471",7368,2424,"A","G",0,4,3761,0.00106354692901,"S","S","TCA","TCG","S","S",0,1,0,0,0,0,0,0,0,0,0,0,1,1,0,1,1,0,0,1,0,0,0,0,0,0,0,0,0,0,1,1,0,1,1,0,"1_Q20","A7368G","S2424S.4","Sample",1,0.00601905247161108
"14496",3624,1176,"C","T",0,5,4715,0.00106044538706,"S","S","TGC","TGT","C","C",0,1,0,0,0,1,0,0,0,0,1,0,1,1,0,0,0,0,0,1,0,0,0,1,0,0,0,0,1,0,1,1,0,0,0,0,"1_Q20","C3624T","C1176C.3","Sample",1,0.00745061210276572
"29674",7419,2441,"T","C",0,4,3814,0.00104876769795,"S","S","CTT","CTC","L","L",0,1,1,0,0,1,0,0,1,1,0,0,1,0,0,0,0,0,0,1,1,0,0,1,0,0,1,1,0,0,1,0,0,0,0,0,"1_Q20","T7419C","L2441L.3","Sample",1,0.00594600282045684
"7548",1887,597,"C","T",0,6,5722,0.00104858441105,"S","S","AGC","AGT","S","S",0,1,0,0,0,0,0,0,0,0,0,0,1,1,0,1,1,0,0,1,0,0,0,0,0,0,0,0,0,0,1,1,0,1,1,0,"1_Q20","C1887T","S597S.3","Sample",1,0.00594509594418374
"32758",8190,0,"T","C",0,7,6680,0.00104790419162,"U","U","U","U","U","U",0,0,0,0,0,0,0,0,0,0,0,0,0,0,0,0,0,0,0,0,0,0,0,0,0,0,0,0,0,0,0,0,0,0,0,0,"1_Q20","T8190C","U0U.3141","Sample",1,0.00594173011770082
"24556",6139,2015,"C","T",0,4,3825,0.00104575163399,"S","S","CTA","TTA","L","L",0,1,1,0,0,1,0,0,1,1,0,0,1,0,0,0,0,0,0,1,1,0,0,1,0,0,1,1,0,0,1,0,0,0,0,0,"1_Q20","C6139T","L2015L.1","Sample",1,0.00593107684178624
"32924",8231,0,"C","T",0,6,5745,0.00104438642298,"U","U","U","U","U","U",0,0,0,0,0,0,0,0,0,0,0,0,0,0,0,0,0,0,0,0,0,0,0,0,0,0,0,0,0,0,0,0,0,0,0,0,"1_Q20","C8231T","U0U.3307","Sample",1,0.00592431858472034
"28348",7087,2331,"C","T",0,6,5875,0.00102127659574,"NS","X","CAA","TAA","Q","*",0,1,0,0,0,0,0,0,0,1,0,0,1,1,0,0,1,0,0,0,0,0,0,0,0,0,0,0,0,0,0,0,0,0,0,1,"1_Q20","C7087T","Q2331*","Sample",1,0.00580972020268058
"11988",2997,967,"C","T",0,7,6906,0.00101361135245,"S","S","GGC","GGT","G","G",0,1,1,0,0,0,0,0,1,0,0,0,1,0,0,1,1,0,0,1,1,0,0,0,0,0,1,0,0,0,1,0,0,1,1,0,"1_Q20","C2997T","G967G.5","Sample",1,0.00851046006128735
"28764",7191,2365,"C","T",0,6,5938,0.001010441226,"S","S","ACC","ACT","T","T",0,1,0,0,0,0,0,0,0,0,1,0,1,1,0,0,1,0,0,1,0,0,0,0,0,0,0,0,1,0,1,1,0,0,1,0,"1_Q20","C7191T","T2365T.5","Sample",1,0.00794123426579429
"32780",8195,0,"C","T",0,7,6938,0.00100893629288,"U","U","U","U","U","U",0,0,0,0,0,0,0,0,0,0,0,0,0,0,0,0,0,0,0,0,0,0,0,0,0,0,0,0,0,0,0,0,0,0,0,0,"1_Q20","C8195T","U0U.3163","Sample",1,0.00574837225704428
"7464",1866,590,"G","T",0,6,5985,0.00100250626566,"NS","NC","TGG","TGT","W","C",0,0,0,1,0,1,0,1,1,1,0,0,1,0,0,0,0,0,0,1,0,0,0,1,0,0,0,0,1,0,1,1,0,0,0,0,"1_Q20","G1866T","W590C.1","Sample",1,0.0099934489483943
"34666",8667,0,"T","C",0,5,4995,0.001001001001,"U","U","U","U","U","U",0,0,0,0,0,0,0,0,0,0,0,0,0,0,0,0,0,0,0,0,0,0,0,0,0,0,0,0,0,0,0,0,0,0,0,0,"1_Q20","T8667C","U0U.5049","Sample",1,0.00825685965572309
"33256",8314,0,"C","T",0,4,3997,0.00100075056292,"U","U","U","U","U","U",0,0,0,0,0,0,0,0,0,0,0,0,0,0,0,0,0,0,0,0,0,0,0,0,0,0,0,0,0,0,0,0,0,0,0,0,"1_Q20","C8314T","U0U.3639","Sample",1,0.00881134364974252
"14320",3580,1162,"G","T",0,4,4030,0.000992555831266,"NS","NS","GAT","TAT","D","Y",1,1,0,0,0,0,1,0,0,0,1,1,0,1,0,0,1,0,0,0,0,1,0,0,0,1,1,1,0,0,1,0,0,0,1,0,"1_Q20","G3580T","D1162Y","Sample",1,0.00566677069459868
"23276",5819,1908,"G","T",0,5,5064,0.000987361769352,"NS","NS","TGC","TTC","C","F",0,1,0,0,0,1,0,0,0,0,1,0,1,1,0,0,0,0,0,0,0,1,0,1,0,1,1,1,0,0,1,0,0,0,0,0,"1_Q20","G5819T","C1908F","Sample",1,0.0056408551391885
"32424",8106,0,"C","T",0,5,5096,0.000981161695447,"U","U","U","U","U","U",0,0,0,0,0,0,0,0,0,0,0,0,0,0,0,0,0,0,0,0,0,0,0,0,0,0,0,0,0,0,0,0,0,0,0,0,"1_Q20","C8106T","U0U.2807","Sample",1,0.00695960844600729
"32448",8112,0,"C","T",0,4,4080,0.000980392156863,"U","U","U","U","U","U",0,0,0,0,0,0,0,0,0,0,0,0,0,0,0,0,0,0,0,0,0,0,0,0,0,0,0,0,0,0,0,0,0,0,0,0,"1_Q20","C8112T","U0U.2831","Sample",1,0.00560604953091706
"31172",7793,0,"C","T",0,4,4130,0.000968523002421,"U","U","U","U","U","U",0,0,0,0,0,0,0,0,0,0,0,0,0,0,0,0,0,0,0,0,0,0,0,0,0,0,0,0,0,0,0,0,0,0,0,0,"1_Q20","C7793T","U0U.1555","Sample",1,0.00554669357862957
"27932",6983,2296,"C","T",0,4,4148,0.000964320154291,"NS","NC","ACG","ATG","T","M",0,1,0,0,0,0,0,0,0,0,1,0,1,1,0,0,1,0,0,1,0,0,0,1,0,0,1,1,0,0,1,0,0,0,0,0,"1_Q20","C6983T","T2296M","Sample",1,0.00552565062007968
"28304",7076,2327,"C","T",0,5,5207,0.000960245822931,"NS","NS","GCA","GTA","A","V",0,1,1,0,0,1,0,0,1,0,0,0,1,0,0,1,0,0,0,1,1,0,0,1,0,0,1,0,1,0,1,0,0,0,0,0,"1_Q20","C7076T","A2327V","Sample",1,0.00550523849847822
"14861",3716,1207,"G","A",0,4,4169,0.000959462700888,"NS","NS","AGA","AAA","R","K",0,1,0,0,1,0,1,0,0,1,0,0,0,1,1,0,1,0,0,1,0,0,1,0,1,0,0,1,0,0,0,1,1,0,1,0,"1_Q20","G3716A","R1207K","Sample",1,0.00550131368203451
"29560",7390,2432,"C","T",0,4,4246,0.000942063118229,"NS","X","CAA","TAA","Q","*",0,1,0,0,0,0,0,0,0,1,0,0,1,1,0,0,1,0,0,0,0,0,0,0,0,0,0,0,0,0,0,0,0,0,0,1,"1_Q20","C7390T","Q2432*","Sample",1,0.00541399148770838
"7600",1900,602,"G","T",0,5,5340,0.000936329588015,"NS","C","GGT","TGT","G","C",0,1,1,0,0,0,0,0,1,0,0,0,1,0,0,1,1,0,0,1,0,0,0,1,0,0,0,0,1,0,1,1,0,0,0,0,"1_Q20","G1900T","G602C","Sample",1,0.00667953268642102
"5428",1357,421,"G","T",0,4,4310,0.00092807424594,"NS","NS","GTT","TTT","V","F",0,1,1,0,0,1,0,0,1,0,1,0,1,0,0,0,0,0,0,0,0,1,0,1,0,1,1,1,0,0,1,0,0,0,0,0,"1_Q20","G1357T","V421F","Sample",1,0.00981496113526301
"28456",7114,2340,"G","T",0,5,5441,0.000918948722661,"NS","C","GCT","TCT","A","S",0,1,1,0,0,1,0,0,1,0,0,0,1,0,0,1,0,0,0,1,0,0,0,0,0,0,0,0,0,0,1,1,0,1,1,0,"1_Q20","G7114T","A2340S","Sample",1,0.00657045505862624
"4176",1044,316,"G","T",0,4,4370,0.00091533180778,"S","S","ACG","ACT","T","T",0,1,0,0,0,0,0,0,0,0,1,0,1,1,0,0,1,0,0,1,0,0,0,0,0,0,0,0,1,0,1,1,0,0,1,0,"1_Q20","G1044T","T316T.5","Sample",1,0.00814768083056821
"30284",7571,0,"C","T",0,4,4401,0.000908884344467,"U","U","U","U","U","U",0,0,0,0,0,0,0,0,0,0,0,0,0,0,0,0,0,0,0,0,0,0,0,0,0,0,0,0,0,0,0,0,0,0,0,0,"1_Q20","C7571T","U0U.667","Sample",1,0.0067856685184705
"7562",1891,599,"G","C",0,5,5511,0.000907276356378,"NS","NS","GGC","CGC","G","R",0,1,1,0,0,0,0,0,1,0,0,0,1,0,0,1,1,0,0,1,0,0,1,0,1,0,0,1,0,0,0,1,1,0,1,0,"1_Q20","G1891C","G599R","Sample",1,0.0122636122587216
"28528",7132,2346,"C","T",0,5,5659,0.000883548330094,"NS","NS","CTC","TTC","L","F",0,1,1,0,0,1,0,0,1,1,0,0,1,0,0,0,0,0,0,0,0,1,0,1,0,1,1,1,0,0,1,0,0,0,0,0,"1_Q20","C7132T","L2346F","Sample",1,0.00511859906118385
"28416",7104,2336,"C","T",0,5,5754,0.000868960722975,"S","S","TTC","TTT","F","F",0,0,0,1,0,1,0,1,1,1,0,0,1,0,0,0,0,0,0,0,0,1,0,1,0,1,1,1,0,0,1,0,0,0,0,0,"1_Q20","C7104T","F2336F.3","Sample",1,0.00504452965217142
"23248",5812,1906,"C","T",0,4,4688,0.000853242320819,"NS","NC","CCA","TCA","P","S",0,0,0,0,0,0,0,1,1,0,1,0,1,0,0,0,1,0,0,1,0,0,0,0,0,0,0,0,0,0,1,1,0,1,1,0,"1_Q20","C5812T","P1906S","Sample",1,0.00496452057847763
"27596",6899,2268,"C","T",0,4,4705,0.000850159404888,"NS","NS","ACA","ATA","T","I",0,1,0,0,0,0,0,0,0,0,1,0,1,1,0,0,1,0,0,1,1,0,0,1,0,0,1,1,0,0,1,0,0,0,0,0,"1_Q20","C6899T","T2268I","Sample",1,0.00494880366174817
"33304",8326,0,"C","T",0,4,4735,0.000844772967265,"U","U","U","U","U","U",0,0,0,0,0,0,0,0,0,0,0,0,0,0,0,0,0,0,0,0,0,0,0,0,0,0,0,0,0,0,0,0,0,0,0,0,"1_Q20","C8326T","U0U.3687","Sample",1,0.00492132384569902
"12184",3046,984,"C","T",0,5,5952,0.000840053763441,"S","S","CTG","TTG","L","L",0,1,1,0,0,1,0,0,1,1,0,0,1,0,0,0,0,0,0,1,1,0,0,1,0,0,1,1,0,0,1,0,0,0,0,0,"1_Q20","C3046T","L984L.1","Sample",1,0.00724608498380993
"26707",6677,2194,"A","G",0,4,4796,0.000834028356964,"NS","NS","TAC","TGC","Y","C",0,0,0,1,0,0,0,1,1,1,0,0,1,0,0,0,1,0,0,1,0,0,0,1,0,0,0,0,1,0,1,1,0,0,0,0,"1_Q20","A6677G","Y2194C","Sample",1,0.00486643419211378
"33348",8337,0,"G","T",0,4,4812,0.000831255195345,"U","U","U","U","U","U",0,0,0,0,0,0,0,0,0,0,0,0,0,0,0,0,0,0,0,0,0,0,0,0,0,0,0,0,0,0,0,0,0,0,0,0,"1_Q20","G8337T","U0U.3731","Sample",1,0.00485225111304038
"33356",8339,0,"C","T",0,4,4847,0.00082525273365,"U","U","U","U","U","U",0,0,0,0,0,0,0,0,0,0,0,0,0,0,0,0,0,0,0,0,0,0,0,0,0,0,0,0,0,0,0,0,0,0,0,0,"1_Q20","C8339T","U0U.3739","Sample",1,0.00623314784121008
"32968",8242,0,"G","T",0,4,5102,0.00078400627205,"U","U","U","U","U","U",0,0,0,0,0,0,0,0,0,0,0,0,0,0,0,0,0,0,0,0,0,0,0,0,0,0,0,0,0,0,0,0,0,0,0,0,"1_Q20","G8242T","U0U.3351","Sample",1,0.00595787684595337
"28268",7067,2324,"C","T",0,4,5196,0.000769822940724,"NS","NS","ACT","ATT","T","I",0,1,0,0,0,0,0,0,0,0,1,0,1,1,0,0,1,0,0,1,1,0,0,1,0,0,1,1,0,0,1,0,0,0,0,0,"1_Q20","C7067T","T2324I","Sample",1,0.0045363068914225
"33551",8388,0,"A","G",0,4,5258,0.00076074553062,"U","U","U","U","U","U",0,0,0,0,0,0,0,0,0,0,0,0,0,0,0,0,0,0,0,0,0,0,0,0,0,0,0,0,0,0,0,0,0,0,0,0,"1_Q20","A8388G","U0U.3934","Sample",1,0.00580178171243556
"34652",8663,0,"C","T",0,4,5263,0.000760022800684,"U","U","U","U","U","U",0,0,0,0,0,0,0,0,0,0,0,0,0,0,0,0,0,0,0,0,0,0,0,0,0,0,0,0,0,0,0,0,0,0,0,0,"1_Q20","C8663T","U0U.5035","Sample",1,0.00448558477707556
"32860",8215,0,"C","T",0,5,6607,0.000756773119419,"U","U","U","U","U","U",0,0,0,0,0,0,0,0,0,0,0,0,0,0,0,0,0,0,0,0,0,0,0,0,0,0,0,0,0,0,0,0,0,0,0,0,"1_Q20","C8215T","U0U.3243","Sample",1,0.00446874547495343
"7604",1901,602,"G","T",0,4,5305,0.000754005655042,"NS","NS","GGT","GTT","G","V",0,1,1,0,0,0,0,0,1,0,0,0,1,0,0,1,1,0,0,1,1,0,0,1,0,0,1,0,1,0,1,0,0,0,0,0,"1_Q20","G1901T","G602V","Sample",1,0.00686994302663982
"32289",8073,0,"G","A",0,5,6637,0.000753352418261,"U","U","U","U","U","U",0,0,0,0,0,0,0,0,0,0,0,0,0,0,0,0,0,0,0,0,0,0,0,0,0,0,0,0,0,0,0,0,0,0,0,0,"1_Q20","G8073A","U0U.2672","Sample",1,0.00445100909276764
"32620",8155,0,"G","T",0,4,5415,0.000738688827331,"U","U","U","U","U","U",0,0,0,0,0,0,0,0,0,0,0,0,0,0,0,0,0,0,0,0,0,0,0,0,0,0,0,0,0,0,0,0,0,0,0,0,"1_Q20","G8155T","U0U.3003","Sample",1,0.00565317377381882
"34700",8675,0,"G","T",0,4,5440,0.000735294117647,"U","U","U","U","U","U",0,0,0,0,0,0,0,0,0,0,0,0,0,0,0,0,0,0,0,0,0,0,0,0,0,0,0,0,0,0,0,0,0,0,0,0,"1_Q20","G8675T","U0U.5083","Sample",1,0.00435718950161384
"28516",7129,2345,"C","T",0,4,5545,0.000721370604148,"NS","X","CAA","TAA","Q","*",0,1,0,0,0,0,0,0,0,1,0,0,1,1,0,0,1,0,0,0,0,0,0,0,0,0,0,0,0,0,0,0,0,0,0,1,"1_Q20","C7129T","Q2345*","Sample",1,0.00428463347227139
"32632",8158,0,"G","T",0,4,5576,0.000717360114778,"U","U","U","U","U","U",0,0,0,0,0,0,0,0,0,0,0,0,0,0,0,0,0,0,0,0,0,0,0,0,0,0,0,0,0,0,0,0,0,0,0,0,"1_Q20","G8158T","U0U.3015","Sample",1,0.00657474896482624
"28460",7115,2340,"C","T",0,4,5644,0.000708717221828,"NS","NS","GCT","GTT","A","V",0,1,1,0,0,1,0,0,1,0,0,0,1,0,0,1,0,0,0,1,1,0,0,1,0,0,1,0,1,0,1,0,0,0,0,0,"1_Q20","C7115T","A2340V","Sample",1,0.0042185279806024
"11972",2993,966,"C","T",0,5,7061,0.000708114997876,"NS","NS","ACC","ATC","T","I",0,1,0,0,0,0,0,0,0,0,1,0,1,1,0,0,1,0,0,1,1,0,0,1,0,0,1,1,0,0,1,0,0,0,0,0,"1_Q20","C2993T","T966I","Sample",1,0.00421537771909808
"7412",1853,586,"C","T",0,4,5685,0.000703605980651,"NS","NS","GCA","GTA","A","V",0,1,1,0,0,1,0,0,1,0,0,0,1,0,0,1,0,0,0,1,1,0,0,1,0,0,1,0,1,0,1,0,0,0,0,0,"1_Q20","C1853T","A586V","Sample",1,0.00419177907164826
"32172",8043,0,"C","T",0,4,5704,0.00070126227209,"U","U","U","U","U","U",0,0,0,0,0,0,0,0,0,0,0,0,0,0,0,0,0,0,0,0,0,0,0,0,0,0,0,0,0,0,0,0,0,0,0,0,"1_Q20","C8043T","U0U.2555","Sample",1,0.00417950467575205
"33468",8367,0,"C","T",0,4,5731,0.000697958471471,"U","U","U","U","U","U",0,0,0,0,0,0,0,0,0,0,0,0,0,0,0,0,0,0,0,0,0,0,0,0,0,0,0,0,0,0,0,0,0,0,0,0,"1_Q20","C8367T","U0U.3851","Sample",1,0.00416219250881772
"18772",4693,1533,"C","T",0,4,5751,0.000695531211963,"NS","X","CGA","TGA","R","*",0,1,0,0,1,0,1,0,0,1,0,0,0,1,1,0,1,0,0,0,0,0,0,0,0,0,0,0,0,0,0,0,0,0,0,1,"1_Q20","C4693T","R1533*","Sample",1,0.00414946629358441
"7480",1870,592,"C","T",0,4,5793,0.000690488520628,"S","S","CTA","TTA","L","L",0,1,1,0,0,1,0,0,1,1,0,0,1,0,0,0,0,0,0,1,1,0,0,1,0,0,1,1,0,0,1,0,0,0,0,0,"1_Q20","C1870T","L592L.1","Sample",1,0.0041230076967716
"32644",8161,0,"C","T",0,4,5803,0.000689298638635,"U","U","U","U","U","U",0,0,0,0,0,0,0,0,0,0,0,0,0,0,0,0,0,0,0,0,0,0,0,0,0,0,0,0,0,0,0,0,0,0,0,0,"1_Q20","C8161T","U0U.3027","Sample",1,0.00411676061219848
"28536",7134,2346,"C","T",0,4,5824,0.000686813186813,"S","S","CTC","CTT","L","L",0,1,1,0,0,1,0,0,1,1,0,0,1,0,0,0,0,0,0,1,1,0,0,1,0,0,1,1,0,0,1,0,0,0,0,0,"1_Q20","C7134T","L2346L.5","Sample",1,0.00530128357445561
"18708",4677,1527,"C","T",0,4,5859,0.00068271036013,"S","S","TGC","TGT","C","C",0,1,0,0,0,1,0,0,0,0,1,0,1,1,0,0,0,0,0,1,0,0,0,1,0,0,0,0,1,0,1,1,0,0,0,0,"1_Q20","C4677T","C1527C.3","Sample",1,0.00408214411741298
"18748",4687,1531,"C","T",0,4,5871,0.00068131493783,"NS","X","CGA","TGA","R","*",0,1,0,0,1,0,1,0,0,1,0,0,0,1,1,0,1,0,0,0,0,0,0,0,0,0,0,0,0,0,0,0,0,0,0,1,"1_Q20","C4687T","R1531*","Sample",1,0.00526378431132442
"33604",8401,0,"C","T",0,4,5985,0.000668337510443,"U","U","U","U","U","U",0,0,0,0,0,0,0,0,0,0,0,0,0,0,0,0,0,0,0,0,0,0,0,0,0,0,0,0,0,0,0,0,0,0,0,0,"1_Q20","C8401T","U0U.3987","Sample",1,0.00400646561793664
"32735",8184,0,"T","G",0,4,6029,0.000663459943606,"U","U","U","U","U","U",0,0,0,0,0,0,0,0,0,0,0,0,0,0,0,0,0,0,0,0,0,0,0,0,0,0,0,0,0,0,0,0,0,0,0,0,"1_Q20","T8184G","U0U.3118","Sample",1,0.0149905814684748
"30388",7597,0,"C","T",0,4,6112,0.00065445026178,"U","U","U","U","U","U",0,0,0,0,0,0,0,0,0,0,0,0,0,0,0,0,0,0,0,0,0,0,0,0,0,0,0,0,0,0,0,0,0,0,0,0,"1_Q20","C7597T","U0U.771","Sample",1,0.00393313209418581
"11940",2985,963,"C","T",0,4,6306,0.000634316523945,"S","S","TAC","TAT","Y","Y",0,0,0,1,0,0,0,1,1,1,0,0,1,0,0,0,1,0,0,0,0,1,0,0,0,1,1,1,0,0,1,0,0,0,1,0,"1_Q20","C2985T","Y963Y.3","Sample",1,0.00494157643158548
"32872",8218,0,"C","T",0,4,6327,0.000632211158527,"U","U","U","U","U","U",0,0,0,0,0,0,0,0,0,0,0,0,0,0,0,0,0,0,0,0,0,0,0,0,0,0,0,0,0,0,0,0,0,0,0,0,"1_Q20","C8218T","U0U.3255","Sample",1,0.00381525044454449
"28672",7168,2358,"C","T",0,4,6423,0.000622761949245,"NS","X","CAA","TAA","Q","*",0,1,0,0,0,0,0,0,0,1,0,0,1,1,0,0,1,0,0,0,0,0,0,0,0,0,0,0,0,0,0,0,0,0,0,1,"1_Q20","C7168T","Q2358*","Sample",1,0.00376499371039226
"30498",7625,0,"G","C",0,4,6463,0.000618907628037,"U","U","U","U","U","U",0,0,0,0,0,0,0,0,0,0,0,0,0,0,0,0,0,0,0,0,0,0,0,0,0,0,0,0,0,0,0,0,0,0,0,0,"1_Q20","G7625C","U0U.881","Sample",1,0.00577131986938606
"32278",8070,0,"T","C",0,4,6607,0.000605418495535,"U","U","U","U","U","U",0,0,0,0,0,0,0,0,0,0,0,0,0,0,0,0,0,0,0,0,0,0,0,0,0,0,0,0,0,0,0,0,0,0,0,0,"1_Q20","T8070C","U0U.2661","Sample",1,0.00367248005599421
"30443",7611,0,"A","G",0,4,6785,0.000589535740604,"U","U","U","U","U","U",0,0,0,0,0,0,0,0,0,0,0,0,0,0,0,0,0,0,0,0,0,0,0,0,0,0,0,0,0,0,0,0,0,0,0,0,"1_Q20","A7611G","U0U.826","Sample",1,0.00463164938665807
"27813",6954,2286,"G","A",0,4,6821,0.000586424277965,"S","S","GTG","GTA","V","V",0,1,1,0,0,1,0,0,1,0,1,0,1,0,0,0,0,0,0,1,1,0,0,1,0,0,1,0,1,0,1,0,0,0,0,0,"1_Q20","G6954A","V2286V.2","Sample",1,0.00461000355126937
"27692",6923,2276,"C","T",0,4,7016,0.000570125427594,"NS","NS","ACT","ATT","T","I",0,1,0,0,0,0,0,0,0,0,1,0,1,1,0,0,1,0,0,1,1,0,0,1,0,0,1,1,0,0,1,0,0,0,0,0,"1_Q20","C6923T","T2276I","Sample",1,0.00348310055205003
"11976",2994,966,"C","T",0,4,7059,0.000566652500354,"S","S","ACC","ACT","T","T",0,1,0,0,0,0,0,0,0,0,1,0,1,1,0,0,1,0,0,1,0,0,0,0,0,0,0,0,1,0,1,1,0,0,1,0,"1_Q20","C2994T","T966T.5","Sample",1,0.0063458417015892
"32800",8200,0,"C","T",0,4,7109,0.000562667041778,"U","U","U","U","U","U",0,0,0,0,0,0,0,0,0,0,0,0,0,0,0,0,0,0,0,0,0,0,0,0,0,0,0,0,0,0,0,0,0,0,0,0,"1_Q20","C8200T","U0U.3183","Sample",1,0.00344288085688798
